tweet,label
"Makanya pengen tau ranking mereka pasca Thomas Uber cup.
 
 Alangkah lebih baik adminnya juga mencantumkan prediksi ranking mereka.",P
"Bravo India . #ThomasCup winners 2022.
 
 Thomas Cup champions: 
 
 ðŸ‡®ðŸ‡© Indonesia x 14
 
 ðŸ‡¨ðŸ‡³ China x 10
 
 ðŸ‡²ðŸ‡¾ Malaysia x 5
 
 ðŸ‡©ðŸ‡° Denmark x 1
 
 ðŸ‡¯ðŸ‡µ Japan x 1
 
 ðŸ‡®ðŸ‡³ ð—œð—»ð—±ð—¶ð—® ð˜… ðŸ­",NT
"Benar, Lee Chong Wei sendiri pun ga pernah menjuarai Thomas Cup koq, SEA Games yang individual dia pun cuma dapat medali perunggu, Taufik bersikap tegas karena pencapaiannya di multi event itu jauh di atas LCW, kalau selevel SEA Games saja Taufik sudah jadi juara di usia 18 tahun",P
"Betul udh gk ada benernya dimata dia. Jadi kyknya udh pada gak peduli, ngasih apresiasi yg murni aja gk pernah minimal pas juara thomas cup kemarin. Gimna yg lain mau simpati dan nerima ocehan dia.",N
"Iya benar. Zelin Resiana ex WD yg juara Uber Cup 1994 dan 1996, sekaligus Istri Joko Suprianto ex MS Juara Dunia 1993, Thomas Cup 94,96,98",NT
Meskipun setuju kalo emang MS (+WS lebih urgent) perlu diperbaikin. Tapi cap terburuk berlebihan sih menurut gue. FINAL Thomas Cup lohhh.,N
Hahaha kayanya siy boro2 yaa.. setau saya dia sbagai pengurus klub SGS ga ada ngasih bonus ke pemain nya yg menang Thomas cup 2021 kemaren.. Ginting dan Fajar cm bisa nelen ludah liat temen2 nya dikasih bonus dr klub nya masing2,N
"Kitne OVER ka hota hai ye Thomas Cup ?
 
 ðŸ¤",NT
"Kyknya sih udh gk dipeduliin lejen satu itu mau ngomong apa. Karna itu yg dia lakuin dari dulu berulang"". Mau lagi dlam kondisi juara thomas cup tahun lalu pun pasti ada embel"" begituan jadi bukan hal yg baru.",N
"Salah, sepatutnya Petronas kena tabur duit ke BAM terutama ke atas pengurusan tertinggi BAM. Cara ini berkesan untuk menang Thomas Cup.",NT
"Tahun2 awal thomas cup, wajar sih wktu itu indonesia n china msh struggle urusan dlm negerinya blm mikirin bulutangkis..",P
"#Sabtu #LintasBantenPagi Thomas Cup 2022: Shesar Hiren Rhustavito Bawa Indonesia ke Babak Final, Ini Lawan yang Dihadapi https://t.co/Ie8joSL94J",P
"Udah dipatahin sama thomas cup, makin dipatahin sama sea games. ðŸ™‚",N
Untung aku gak nonton Thomas Cup kalah telak dari India 3 - 0 baru terjadi skrg....ðŸ¤£ðŸ¤£ðŸ¤£,N
Wajar ya ini sekelas Thomas cup ditambah uda berapa tahun lama juga jd ikut senang juga liatnya. Berbagi rezeki lah jgn negara itu itu aja apalagi China yg uda sering kali ini harus puas di QF. Tp tetap juara nya tetap juara bertahan INDONESIAAAA ðŸ”¥ðŸ‡®ðŸ‡©,P
"Yups, tapi mengingat mereka baru mencetak sejarah pertama kali memenangkan Thomas Cup setelah 73 thn, gue yakin para pemain India jadi berkali lipat motivasinya bt menangin semua gelar kejuaraan beregu yg bisa mereka raih. 
 
 Yg sekarang ini bisa dibilang generasi emas mereka",P
lapangan licin semasa pertandingan Thomas Cup,NT
melanggar kode etik menurut aturan asosiasi mereka pas Thomas Cup tahun lalu,NT
"2 partai awal jadi penentu juara sih , kalau Indonesia 
 
 Bisa menang 2 partai awal maka besar kemungkinannya Indonesia juara , kalau kehilangan salah satunya maka 50-50 , kalau kalah dua-duanya maka India akan jadi juara Thomas cup pertama kali !!",NT
"""Halo, Gold Medalist Uber Cup."" 
 
 ""Gamau jawab ah, gagal sumbang poin soalnya."" 
 
 ""Mulai.""
 
 ""Bercanda. Maaf Pak Gold Medalist Thomas Cup, ga lagi.""
 
 ""Janji?""
 
 ""Apa?""
 
 ""Bareng terus apapun warna medali kita?""
 
 
 
 Tanpa balasan, tapi senyum Seyoung sudah cukup menjawab pertanyaan Lakshya.",NT
"""Kok last Thomas Cup, koh? Bareng saya dulu koh ðŸ¥²""
 
 ""Bosen, udah 9x ðŸ˜‚ðŸ˜‚""
 
 ""Jangan dulu dong Capt bestie, sama saya baru sekali""
 
 ""Gapapa, nanti sama Capt Sinyo, anak buahnya dapet goodie bag LV""
 
 ""Haha jangan donk ko ðŸ˜‚""
 
 
 
 Grup obrolan Ganda Putra jadi lebih ramai malam tadi",NT
Ada hal yg menarik (menurut saya) di final thomas cup 2022 kemarin ketika Indonesia vs India. Pemain cepat puas dng hasilnya padahal belum selesai pertandingannya. Harus tetap fokus disetiap momentnya.,P
"Aku kyknya ngikutin dr pas hayom kalah di thomas cup 2012 deh.aku nonton TUC 2008 juga, tp dlu msh 8 thn. Dulu hayom sempet dibully, tp sekarang bullying makinn parah",NT
"Alhamdulillah, Aamiin.
 
 
 
 Makasih banyak Win, tadi aku sempet nangis selama spaceðŸ˜¹, semoga hasilnya sesuai yang kita doakan dan yang Tim Thomas Cup Indonesia harapkan. Insya Allah, Allah bakalan bantuðŸ¤—ðŸ’ª",P
"Asli sih Thomas Cup 2016 membekas banget, apalagi buat pemainÂ² ya. Ihsan sampai gak bisa tidur katanya ðŸ¥º Tapi keren bgt sih Indonesia menurunkan MS muda. Jadi dah dapat pengalaman &amp; di turnamenÂ² lain jg. Jadi kmrn Thomas Cup 2021 udah siap bgt itu.",P
"BATC Putra âŒ
 
 Thomas Cup âŒ
 
 SEA Games Beregu Putra âŒ
 
 
 
 Memutus 3 event yang seharusnya jadi juara bertahan.
 
 Gpp.",NT
"Bangun tidur pun masih berasa nyesek thomas cup kemaren, blm move on sumpah ;(",N
"Bikin badmood yak, abis sedih karna thomas cup. Bukannya diobatin sea games malah dibikin makin emosi",N
Bola sepak dengan badminton thomas cup tu bertembung waktuðŸ¤£ðŸ”¥,NT
Dewa bawa sial. Tiap lo ngetwit Thomas Cup jd kalah yg tdnya unggul ðŸ˜,N
"Dlu pas ginting bronze olympic &amp; juara Thomas cup kalian netijen pada terginting2, begitu bangganya netijen melihat ginting naik podium &amp; mengibarkan merah putih. Tp saat dia terjatuh, malah menghujat seakan2 dia ga berarti",P
"Emaknya Runner up All england 1997 , 2 kali rebut uber cup 1994 1996, 
 
 Bapaknya rebut thomas cup 1994, 1996 1998 dan 2000",NT
Even tk dpt thomas cup harap bleh dpt sea cup pon boleh la,P
"Gk bisa blg mending lawan A B or C karna mmg kuat semua Thomas Cup tahun ini. Berharap Indonesia bisa tururin skuad pemain yg bener2 inti trus, like ginting menurutku dia harus trs main utk MS 1 krn kesempatan Jojo lebih besar jd MS 2 dan kuncinya MD harus selalu rebut point ðŸ¥ºðŸ’ª",P
"Haha dia kan mmg main double dlu dgn endo, ni tktau la just for Thomas Cup or mmg kekal",NT
"Ikhlas sih. Tapi males aja ngapa2in kaya ga bersemangat gtu. Dtanya aja males, apalagi kalau ada yg candain kekalahan thomas cup kayanya pengin #suttth gtu jangan buka suara
 
 
 
 Berusaha move on, tapi baca tweet ada postingan senior yg bikin tambah nyesekðŸ˜­",N
India ga bisa dianggap remeh. Malaysia dan Denmark udah bergiliran kena tebas para MS India yang di Thomas Cup ini mendadak mainnya disiplin bgt. Semoga kita bisa curi 1 MS dan sapu bersih 2 MD besok. Syukur2 udah 3-0 duluan di kantong.,P
Ingatkan sambutan menang Olimpik/ Thomas Cup,NT
"Intinya Thomas Cup kerja tim, semua berperan penting mulai dr penyisihan grup sampai final. 
 
 Ada 5 nomor kemungkinan menang/kalah selalu ada. Apalagi persaingan merata, faktor fisik &amp; mental jg berpengaruh. Alhamdulillah tim INA bisa saling back-up. Fokus final
 
 #ThomasCup2022",P
"Iya, makanya oma gill aja bilang kalo Indonesia the most successful team di thomas cup *cmiiw",P
"Iya,,milih pool bawah pun sm aja,,India ms ny jg bgus2,,MD 1 ny jg,gak ada yg mudah emg, Thomas cup imbang semua yg msuk QF..",P
"Iya mmg benar Sinyo salah satu partner the best ny Kevin, Ya tapi mau gimana? Ada pilihan kah? Apa mau nyuruh sinyo ke Thailand trus join Thomas Cup? Ya nga bisa dong, Wajar kalo Chemistry antara Kevin dan Bagas dan jga babah Ahsan kurang kan pasangan dadakan, Ya gimana dong",P
"Kaget, tp aamiin bgt. Semoga Allah permudah jalan team Indonesia untuk meraih kembali winner thomas cup 2022",P
Kalah hari ini lebih nyesek dari Thomas Cup kemarin. Kecewa. Hari ini saya iri dengan negara tetangga.,N
Kuy. Yang menang bisa ikut Thomas cup wkwk,NT
"15 MEI 2022 - FINAL #ThomasCup2022 
 
 
 
 INDONESIAðŸ‡®ðŸ‡© VS INDIAðŸ‡®ðŸ‡³
 
 
 
 Juara 14 kali Thomas Cup, Indonesia akan bertemu India yang pertama kali sepanjang sejarah melaju ke Final Thomas Cup.
 
 
 
 BISMILLAH OPTIMIS JUARA!ðŸ‡®ðŸ‡©ðŸ‘ https://t.co/VEyknl3hUB",P
"Momen final Thomas Cup tahun kmrn tp versi lebih dulu, semoga hasilnya tetap sama",P
Msh menyakitkan ini sih dri thomas cup,N
"8 Negara Masuk Perempat Final Thomas Cup, Indonesia Pimpin Klasemen Grup A https://t.co/t7IJLlTlFU",NT
"Ra nyesel pernah dadi fans berat e babah, pokoknya dari awal babah main di Thomas Cup waktu itu pasangan masih sama alven, liat mainnya pantang nyerah banget, gak kaget sih kalau sekarang jadi idola abadi ðŸ˜ðŸ˜",P
Referensi foto buat pejabat lain kalo nanti indonesia juara thomas cup,NT
SELAMAT BUAT INDIA KALIAN PANTAS DAPAT THOMAS CUP KECUALI MD1 NYA SEKIAN TERIMA KASIHðŸ™ðŸ»ðŸ™ðŸ»ðŸ™ðŸ»ðŸ™ðŸ»,P
"Selebrasi yg sangat down to earth ya. Tapi bagus sih, ga usah terlalu heboh dulu. Respect jg sama tetangga yg duduknya ternyata sebelahan. Satu lagi ya team. Semoga thomas cup rejekinya Indonesia",P
"Setuju pak, nonton Thomas cup jdy lupa sm IC yg alurnya makin ngaco nd gak jelas ..",N
"Syabda Perkasa Belawa today:
 
 
 
 first tournament 2022 âœ…
 
 first debut TUC 2022 âœ…
 
 decider juara grup A TUC 2022 âœ…
 
 MENANG!
 
 ðŸ‡®ðŸ‡© juara grup A Thomas Cup 2022ðŸ¤©
 
 
 
 setelah sekian lama abis bahrain IC 2021, finally turnamen lg dan langsung debut decider TUC, u really did well baby boy!ðŸ˜­â¤ï¸",NT
"Tahun kemarin Juara Thomas Cup 3-0, dua pointnya dari MS dibilang menang mudah krna China pemain muda. Sekarang MS jg sllu sumbang point dari match awal, terutama Jojo &amp; Vito, tapi seakan-akan kaya nothing aja di mata dia apalagi bawa2 coach.",N
Terimakasih telah berjuang Tim Thomas cup Indonesia ðŸ‡®ðŸ‡© prond of you guysðŸ”¥,P
"#TUC2022 Thomas Cup - Group A
 
 
 
 INDONESIA 2-1 THAILAND
 
 
 
 MD2: Bagas Maulana/Kevin Sanjaya Sukamuljo vs Peeratchai Sukphun/Pakkapon Teeraratsakul 21-21",NT
"#TUC2022 Thomas Cup - Group A
 
 
 
 INDONESIA 2-1 THAILAND
 
 
 
 MD2: Bagas Maulana/Kevin Sanjaya Sukamuljo vs Peeratchai Sukphun/Pakkapon Teeraratsakul 15-10",NT
"#TUC2022 Thomas Cup - Group A
 
 
 
 INDONESIA 2-1 THAILAND
 
 
 
 MD2: Bagas Maulana/Kevin Sanjaya Sukamuljo vs Peeratchai Sukphun/Pakkapon Teeraratsakul 18-17",NT
"#TUC2022 Thomas Cup - Group A
 
 
 
 INDONESIA 2-1 THAILAND
 
 
 
 MD2: Bagas Maulana/Kevin Sanjaya Sukamuljo vs Peeratchai Sukphun/Pakkapon Teeraratsakul 20-20",NT
"#TUC2022 Thomas Cup - Group A
 
 
 
 INDONESIA 2-1 THAILAND
 
 
 
 MD2: Bagas Maulana/Kevin Sanjaya Sukamuljo vs Peeratchai Sukphun/Pakkapon Teeraratsakul 6-4",NT
"#TUC2022 Thomas Cup - Group A
 
 
 
 INDONESIA 2-1 THAILAND
 
 
 
 MD2: Bagas Maulana/Kevin Sanjaya Sukamuljo vs Peeratchai Sukphun/Pakkapon Teeraratsakul 11-7
 
 
 
 YOK LANJUT!",NT
"#TUC2022 Thomas Cup - Group A
 
 
 
 INDONESIA 2-1 THAILAND
 
 
 
 MD2: Bagas Maulana/Kevin Sanjaya Sukamuljo vs Peeratchai Sukphun/Pakkapon Teeraratsakul 24-22 2-5",NT
"#TUC2022 Thomas Cup - Group A
 
 
 
 INDONESIA 2-1 THAILAND
 
 
 
 MD2: Bagas Maulana/Kevin Sanjaya Sukamuljo vs Peeratchai Sukphun/Pakkapon Teeraratsakul 24-22 9-7",NT
"#TUC2022 Thomas Cup - Group A
 
 
 
 INDONESIA 3-1 THAILAND
 
 
 
 MD2: Bagas Maulana/Kevin Sanjaya Sukamuljo vs Peeratchai Sukphun/Pakkapon Teeraratsakul 24-22 21-11",NT
"#TUC2022 Thomas Cup - Group A
 
 
 
 INDONESIA 2-1 THAILAND
 
 
 
 MD2: Bagas Maulana/Kevin Sanjaya Sukamuljo vs Peeratchai Sukphun/Pakkapon Teeraratsakul 24-22 17-9",NT
"#TUC2022 Thomas Cup - Group A
 
 
 
 INDONESIA 3-1 THAILAND
 
 
 
 MD2: Bagas Maulana/Kevin Sanjaya Sukamuljo vs Peeratchai Sukphun/Pakkapon Teeraratsakul 24-22 21-11
 
 
 
 Bagas/Kevin pastikan kemenangan Indonesia atas Thailand!",NT
"#TUC2022 Thomas Cup - Group A
 
 
 
 INDONESIA 2-1 THAILAND
 
 
 
 MD2: Bagas Maulana/Kevin Sanjaya Sukamuljo vs Peeratchai Sukphun/Pakkapon Teeraratsakul 24-22 0-0
 
 
 
 YAK AMAN!",NT
"#TUC2022 Thomas Cup - Group A
 
 
 
 INDONESIA 2-1 THAILAND
 
 
 
 MD2: Bagas Maulana/Kevin Sanjaya Sukamuljo vs Peeratchai Sukphun/Pakkapon Teeraratsakul 24-22 11-8 
 
 
 
 YOK FOKUS LAGI!",NT
"#TUC2022 Thomas Cup - Group A
 
 
 
 INDONESIA 1-1 THAILAND
 
 
 
 MS2: Jonatan Christie vs Kantaphon Wangcharoen 13-14",NT
"#TUC2022 Thomas Cup - Group A
 
 
 
 INDONESIA 1-1 THAILAND
 
 
 
 MS2: Jonatan Christie vs Kantaphon Wangcharoen 17-18",NT
"#TUC2022 Thomas Cup - Group A
 
 
 
 INDONESIA 1-1 THAILAND
 
 
 
 MS2: Jonatan Christie vs Kantaphon Wangcharoen 15-17",NT
"#TUC2022 Thomas Cup - Group A
 
 
 
 INDONESIA 1-1 THAILAND
 
 
 
 MS2: Jonatan Christie vs Kantaphon Wangcharoen 22-20 14-13",NT
"#TUC2022 Thomas Cup - Group A
 
 
 
 INDONESIA 1-1 THAILAND
 
 
 
 MS2: Jonatan Christie vs Kantaphon Wangcharoen 22-20 8-4",NT
"#TUC2022 Thomas Cup - Group A
 
 
 
 INDONESIA 1-1 THAILAND
 
 
 
 MS2: Jonatan Christie vs Kantaphon Wangcharoen 22-20 5-1",NT
"#TUC2022 Thomas Cup - Group A
 
 
 
 INDONESIA 1-1 THAILAND
 
 
 
 MS2: Jonatan Christie vs Kantaphon Wangcharoen 22-20 13-8",NT
"#TUC2022 Thomas Cup - Group A
 
 
 
 INDONESIA 2-1 THAILAND
 
 
 
 MS2: Jonatan Christie vs Kantaphon Wangcharoen 22-20 21-16",NT
"#TUC2022 Thomas Cup - Group A
 
 
 
 INDONESIA 1-1 THAILAND
 
 
 
 MS2: Jonatan Christie vs Kantaphon Wangcharoen 22-20 17-15",NT
"#TUC2022 Thomas Cup - Group A
 
 
 
 INDONESIA 2-1 THAILAND
 
 
 
 MS2: Jonatan Christie vs Kantaphon Wangcharoen 22-20 21-16
 
 
 
 Kemenangan Jojo bawa Indonesia berbalik unggul!",NT
"#TUC2022 Thomas Cup - Group A
 
 
 
 INDONESIA 1-1 THAILAND
 
 
 
 MS2: Jonatan Christie vs Kantaphon Wangcharoen 22-20 11-5
 
 
 
 LANJUT JO!",NT
"#TUC2022 Thomas Cup - Group A
 
 
 
 INDONESIA 1-1 THAILAND
 
 
 
 MS2: Jonatan Christie vs Kantaphon Wangcharoen 22-20 0-0
 
 
 
 YAK AMAN JOJO!",NT
"#TUC2022 Thomas Cup - Group A
 
 
 
 INDONESIA 1-1 THAILAND
 
 
 
 MS2: Jonatan Christie vs Kantaphon Wangcharoen 22-20 19-15
 
 
 
 Yok dua lagi!",NT
"#TUC2022 Thomas Cup - Group A
 
 
 
 INDONESIA 1-1 THAILAND
 
 
 
 MS2: Jonatan Christie vs Kantaphon Wangcharoen 20-20!",NT
"#TUC2022 Thomas Cup - Group A
 
 
 
 INDONESIA 3-1 THAILAND
 
 
 
 MS3: Shesar Hiren Rhustavito vs Sitthikom Thammasin 11-7
 
 
 
 Ga pake lama ya",NT
"#TUC2022 Thomas Cup - Group A
 
 
 
 INDONESIA 4-1 THAILAND
 
 
 
 MS3: Shesar Hiren Rhustavito vs Sitthikom Thammasin 21-19 21-14
 
 
 
 Ditutup dengan kemenangan dari Vito!",NT
"#TUC2022 Thomas Cup - Group A
 
 
 
 INDONESIA 3-1 THAILAND
 
 
 
 MS3: Shesar Hiren Rhustavito vs Sitthikom Thammasin 21-19 0-0
 
 
 
 YAK AMAN!",NT
Thomas Cup ntar final Mi lawan IND lupa jam 3 apa jam 1 gitu,NT
Thomas cup msh kliatan daya juangnya,P
Vito nih kalo mode thomas cup beda mainnya wkwkwkwk coba aja kalo tour bwf ss hadeeehðŸ˜–ðŸ˜–,N
"Vito si Silent Killer yg selalu jadi Decider. ðŸ”¥ðŸ”¥ðŸ”¥
 
 Mas tengkyu banget loh, lagi2 kamu yg nyelamatin jantung kita dari Thomas Cup tahun lalu. Terharu ðŸ¥º https://t.co/6AUnEzpzSc",P
couple goals satu menang seagames sataunya lagi thomas cupâ¤ï¸,P
"di Thomas Cup tahun lalu, Vito sering jadi penentu kemenangan setelah scorenya 2-2. dan di Thomas Cup hari ini, Vito menjelma jadi secercah harapan buat Indonesia krn ngegagalin poin ketiganya Korea. THANK YOU, MAS VITO! ðŸ¥ºâ¤ï¸â€ðŸ”¥",P
"fun fact, semi final thomas cup 1979 : india vs denmark, indonesia vs jepang. finalnya indonesia menang lawan denmark.
 
 
 
 yg suka cocoklogi apakah terulang di TC 2022, dipersilakan wkwkkw",NT
2 hari lalu mengirimkan paket cinta untuk 12 laki-laki penghuni team Thomas Cup Japanâ¤ï¸â¤ï¸â¤ï¸ https://t.co/9ApdJWbLUB,NT
"i think so. pas mereka nulia begitu, diotak udah mikir pasti mereka udah percaya sekali dengan MD atau MS muda kita. makanya Daddies berani untuk bilang last thomas cup",P
"jadi keinget tahun lalu abis Thomas Cup ginting withdrawn dari denmark open, trus jojo juga retired, semoga kali ini bukan karna cedera (â•¯ï¸µâ•°)",P
jojo lagi tanding nder di thomas cup,NT
"2 kali sehabis TC mreka berdua cedera. artinya? mreka berjuang habis habisan krn mreka itu tumpuan di MS aplagi di ajang seperti Thomas cup ini. banyak mata tertuju ke mereka. 
 
 
 
 Nangis bgt, speed recovery Anthony Ginting and Jonathan Christie ðŸ«¶",P
"kata oma gill, kamu itu single paling sukses 2022 jo!! karna bisa masuk final dari 3 turnamen terakhir sebelum thomas cup! jadi, please jangan sedih lagiiiii yaa, ada waktunya nanti dan inget roda itu berputar, semoga bisa selalu konsisten joooo, semangatâ˜ºï¸â¤ï¸ðŸ‘ðŸ¼",P
mending kita ngomongin buku thomas cup ygy,NT
2024 nanti malaysia bawak balik thomas cup pakej dengan gold medal olympic sekali ðŸ¤ž,P
pernah baca komen netizen kl vito itu titipan platnas karna ga pernah menang di individu. mereka lupa vito berkali kali jadi penentu krusial buat thomas cup bahkan sampe saat ini ðŸ¥º gua ga terima aja kalo ada org yg ngejudge mz vito,P
sambut kita menang Thomas Cup ke?,NT
semoga Indonesia juara piala Thomas Cup 2022,P
"take care Kean!! you did a good job on your first ever Thomas Cup, terimakasih sudah berjuang dan goodluck untuk SEA Games nanti Ë™ËšÊš(Â´â—¡`)ÉžËšË™",P
yup shaqeem ranking 400 lebih...ManTee and our Mix double je ade pengalaman masuk tv..Yg lain semua kuih lapis ranking jauh drpd senior tp they prove it boleh menang lawan thomas cup team singapore..,P
"#BWF | Babak akhir Thomas dan Uber Cup sudah ditentukan. Akankah ðŸ‡®ðŸ‡©Indonesia bisa mengulang sukses tahun lalu di Thomas Cup? ðŸ§
 
 
 
 Tonton #ThomasCup dan #UberCup LIVE di aplikasi ðŸ“²SPOTVNOW. Dapatkan sekarang di https://t.co/QHoItN7vl5
 
 
 
 #SPOTVID https://t.co/4ip7UO8xsQ",NT
"#BWF | Sanggupkah ðŸ‡®ðŸ‡©Fajar Alfian dan ðŸ‡®ðŸ‡©Muhammad Rian Ardianto kembali membanggakan Tim Merah Putih? ðŸ§
 
 
 
 Tonton dimanapun kapanpun Thomas Cup dan Uber Cup lewat aplikasi ðŸ“²SPOTVNOW. Dapatkan https://t.co/CUTbZCIEJf 
 
 
 
 #SPOTVID https://t.co/YIj0BWyhYT",NT
"*intermezzo*
 
 
 
 Selamat buat Tim Uber Korea yang sukses meraih Uber Cup 2022 ðŸŽ‰
 
 
 
 Semoga prestasinya menular ke Tim Thomas INA besok ðŸ’ª https://t.co/4RrVO6qOQC",P
"ALHAMDULILLAH ...
 
 Tim Thomas Cup INDONESIA masuk Final.
 
 Ayo semangat PERTAHANKAN Piala Thomas.
 
 Saksikan Finalnya Indonesia vs India
 
 #ThomasCup2022 https://t.co/lQQy8NEN3V",P
"Ada banyak ungkapan untuk menggambarkan sensasi berdebar karena sesuatu yang menegangkan. Terbaru, orang bilang 'jantung pindah ke usus' saat nonton Thomas Cup. https://t.co/HbLXB9y5fA",NT
"Ada masanya setelah Indonesia jd Juara Thomas Cup 2002, untuk sekadar lolos ke Final lagi butuh waktu selama 8 thn kemudian di thn 2010, sempat juga 2x jd tuan rumah di 2004 dan 2008 tp hasilnya buruk. Yg masih nyinyir"" blm merasakan saja pahitnya jd penggemar di zaman tsb, hehe",P
Agak kasian sama tim Thomas Cup nya Jepang yang harus main jam 2 siang nanti :( padahal tau sendiri semalem kelar jam berapa...,P
"Alhamdulillaah Indonesia maju ke Final Thomas Cup 2022 setelah mengalahkan Jepang 3 - 2.
 
 
 
 Indonesia akan menghadapi India yg maju ke Final setelah sukses mengalahkan Denmark juga dgn skor 3 - 2.
 
 
 
 Ayo Indonesia ðŸ‡®ðŸ‡©ðŸ¥°ðŸ¥°ðŸ¥° https://t.co/EpbG6JXUeB",P
"Alhamdulillah.
 
 Bravo!. Atlet memang pahlawan bangsa. Membawa kegembiraan bagi semua.
 
 
 
 Kita doakan hari ini tim Thomas Cup Indonesia akan menghadapi India diÂ final.
 
 Semoga sukses &amp; berhasil dengan dukungan &amp; doa masyarakat Indonesia ðŸ‡²ðŸ‡¨ https://t.co/2KyuF4Lq75",P
"Analisis Thomas Cup 2022
 
 
 
 1. Ramalan Zii Jia tepat. Target tercapai, jadi juara kumpulan. 
 
 
 
 2. Rexy dah kurang percaya pada Wooi Yik. Utamanya aku rasa sebab tak melawan dalam set 2, final BAC. Wooi Yik, kena stabilkan emosi. Atau, Rexy akan pecahkan pair ini, sebelum 2023",NT
"Appreciation Post
 
 
 
 Game 1: Tertinggal 6-10, cetak 11 angka beruntun, berbalik unggul.
 
 Game 3: Tertinggal 7-12, cetak 9 angka beruntun, menang.
 
 
 
 Debutan di Thomas Cup. Debut laga di 2022. Jd penentu kemenangan ðŸ‡®ðŸ‡© atas ðŸ‡°ðŸ‡·.
 
 
 
 Penampilan yg inspiratif. Terima kasih Syabda..ðŸ™
 
 
 
 ðŸ“¸:PBSI https://t.co/86FcqUM28f",NT
"Astaghfirullah,bangun tidur langsung dikasih kek gini.
 
 Indonesia dan China merupakan negara tersukses di Thomas Cup, musuh bebuyutan juga. Ngeri banget, kalo misal salah satu dari negara ini kalah, auto ga bawa apa-apa, wkwkwk. https://t.co/SOSUO9ZqIm",NT
"BAM kena tengok balik strategi dan development player muda untuk naikkan ranking .Tak boleh harapkan LZJ je or dulu DLCW untuk team event mcm ni.
 
 Kempunan Thomas cup.
 
 Parah.
 
 Tak releven dahla come back stronger. Sampai bila?? 
 
 Bounce backkk!! 
 
 ðŸ‡²ðŸ‡¾ðŸ”¥ #ThomasCup2022 #TUC2022",N
BATC sama Thomas cup masih gue wajarin kalau sea games ini benerÂ² tolonggg dikramasinn,N
BEGADANG GUE GA SIA2. IN VITO WE TRUST! KITA KE FINAL THOMAS CUP GENGSSSSS https://t.co/Q4ZMGph7xg,P
"BESOK!
 
 Thomas &amp; Uber Cup Finals 2022
 
 
 
 Mulai 09.00 WIB
 
 
 
 Match 1-Uber Cup
 
 Jepang VS Indonesia
 
 Live iNews &amp; MNCTV
 
 
 
 Match 2-Thomas Cup
 
 Indonesia VS Korea
 
 Live iNews &amp; MNCTV
 
 
 
 Match 3-Thomas Cup
 
 Denmark VS China
 
 Live iNews
 
 
 
 #iNews #mnctv #MNCGroup #thomasubercupfinals2022 #badminton https://t.co/16xBIbs0A5",NT
"Babah, 35 thn, masih jadi andalan thomas cup ðŸ˜­ðŸ¤ðŸ» ga semua bisa mencapai titik seorang babah ini sih",P
"Babah juga mengisyaratkan Thomas Cup 2022 sebagai terakhir dalam tournament beregunya. 
 
 
 
 #TUC2022
 
 #ThomasUberCup2022
 
 #BhulukhudukTV https://t.co/JKZpn0ZvuJ",NT
"Bahagia itu adalah dalam 2hari ada 2 match Final yg bakal ditonton, 
 
 Hari ini nonton Liverpool final FA Cup vs Chelsea, Besok nonton Thomas INA final vs India! 
 
 
 
 Semoga kemenangan buat Liverpool dan Thomas INA! AAMIIN ! â¤ï¸ https://t.co/SObGmozE0M",P
Bangun-bangun Indonesia masuk final Thomas cup ðŸ¥³,P
Bau banget draw thomas cup dr jaman masih penyisihan grup ðŸ˜­,N
Begini curhatan Anthony Sinisuka Ginting yang belum juga menyumbang poin bagi Indonesia di Thomas Cup 2022. #Ginting https://t.co/pczKDLAXRN,NT
Belum Sumbang Poin Bagi Tim Thomas Cup Indonesia ini Curahan hati Anthony Sinisuka Ginting https://t.co/CVVkge31fr ginting Irwansyah Jessica Deddy Corbuzier BENERAN MASUK KULKAS Timor Leste Tidur Araujo Liverpool #ThomasAndUberCup2022 #ThomasCup2022 #ThomasUberCup2022 #Korean,NT
"Belum sembuh potek Thomas Cup kemarin, dilanjut potek SEA Games beregu putra hari ini ðŸ’”ðŸ˜­
 
 
 
 It's okay, team, let's comeback stronger dan raih medali di sektor perorangan ðŸ«°ðŸ»ðŸ”¥ðŸ‘ŠðŸ»",P
Bendera Indonesia Tetap Bisa Berkibar di Thomas Uber Cup dan SEA Games https://t.co/sFmXBc6tzz,P
"Bener bener copy paste
 
 DaGing = Syabda Ginting
 
 
 
 Syabda ginting kevin hendra momota thomas cup jantung https://t.co/dQ1ZcyFc8R",NT
"Beneran dah malaysia cuma butuh jia, 2 md nya konsisten buat juara thomas cup. Itu aja cukup. Makanya dong MD MD nya tolong bangun ðŸ˜­ðŸ˜­ðŸ˜­ðŸ˜­",N
"Berdarah-darah di semifinal Thomas Cup!
 
 
 
 #TUC2022 https://t.co/gZdRRRCwiq",NT
"Berhubung saya bl baru, barusan ngulik2 wikipedia dan ternyata raihan tim Indonesia dari 32x penyelenggaraan Thomas Cup;
 
 21x Final
 
  14x Juara
 
  7x Runner-up
 
 7x Bronze medalist
 
 Cuma sekali ga masuk SF!! Keren bgt badminton INA iniðŸ˜­ðŸ˜­",P
"Berikut prediksi ranking Versi Team #BhulukhudukTV Pasca Thomas Uber Cup 2022
 
 
 
 Men's Doubles
 
 
 
 Pekan ini Ganda Putra Japan, Takuro Hoki/Yugo Kobayashi akan menggeser Posisi Ganda Putra Chinese Taipei Lee Yang/Wang Chi-Lin. https://t.co/00h4dpj5FR",NT
"Berikut prediksi ranking Versi Team #BhulukhudukTV Pasca Thomas Uber Cup 2022
 
 
 
 Men's Singles
 
 
 
 Axelsen Makin Kokoh di Peringkat 1 dunia meski Tim Denmark Finish sebagai Semifinalis Thomas Cup 2022. https://t.co/y52LcqHP0K",NT
"Berikut prediksi ranking Versi Team #BhulukhudukTV Pasca Thomas Uber Cup 2022
 
 
 
 Mixed Doubles
 
 
 
 Ranking di Ganda Campuran dunia pekan ini diperkirakan tidak ada perubahan.
 
 
 
 Bass/Popor Posisinya masih nyaman di ranking 1 dunia disusul sang Juara BAC 2022 Zheng/Huang di posisi Kedua. https://t.co/zc64zy7LY9",NT
"Berikut prediksi ranking Versi Team #BhulukhudukTV Pasca Thomas Uber Cup 2022
 
 
 
 Women's Doubles
 
 
 
 Pada Ganda Putri terdapat pergeseran Posisi dimana Ganda Putri Korea, Kim Soyeong/Kong Heeyong di ranking 3 dunia. https://t.co/uHUlUjJOao",NT
"Besok 11 Mei 2022, siap2x sport jantung ya Guys, akan menayangkan LIVE Uber Cup INA vs JPN 09.00 wib &amp; Thomas Cup INA vs KOR 14.00 wib utk perebutan Juara Grup!! Malam ini tidur yg nyenyakðŸ˜, bsk kita support Tim Thomas &amp; Uber IndonesiaðŸ‡®ðŸ‡© Prediksi Kalian?",P
Besok mau staycation agendanya nonton final thomas cup ðŸ˜†,NT
"Bicara soal Thomas Cup dan Uber Cup, tiba-tiba teringat Tahir Djide. Salah satu pelatih fisik paling harum namanya di dunia bulutangkis. Pria asal Sidrap ini terkenal sangat keras. Bahkan ada yg menyebut, latihannya mirip latihan tentara. https://t.co/4OB3thWoII",NT
"Bilqis Prasista yang tadi berhasil mengalahkan Akane Yamaguchi adalah anak dari Joko Suprianto yang berhasil menghantarkan Indonesia juara 4x Thomas Cup (94,96,98,00) sementara Ibunya Zelin Resiana pemenang 2x Uber Cup (94,96). 
 
 
 
 #TUC2022",NT
"Bilqis mengalahkan Akane yang notabene pemain top tunggal putri
 
 
 
 Syabda Belawa pertama main di Thomas Cup, pertandingan penentu, kemudian menang lawan perwakilan korea
 
 
 
 Menarik
 
 
 
 #ThomasUberCup2022",NT
Bingung ntar mau ntn timnas apa thomas cup wkwk... Yg satu final yg satu partai hidup mati wkwkwk,P
"Bismillah, indo bisa mempertahankan trophy thomas Cup ðŸ”¥ðŸ‡²ðŸ‡¨ https://t.co/mj2GEMxQmj",P
"Bismillah semoga Thomas Cup tahun ni menjadi milik kita ðŸ‡²ðŸ‡¾ðŸ’« 
 
 #TUC2022 https://t.co/hqEjKO1PGb",P
"Bismillahirrahmanirrahim, good luck team Indonesia. â¤ï¸â¤ï¸
 
 
 
 Saksikan Final piala Thomas Cup 2022 d Useetv Indihome channel SPOTV ðŸ¥°
 
 
 
 #BWFThomasUberCup #ThomasCup2022 #UseeTVGO #HomeofPremiumSports #PialaThomas https://t.co/1dYJvOqOgB",P
"Bravo India . #ThomasCup winners 2022.
 
 Thomas Cup champions: 
 
 ðŸ‡®ðŸ‡© Indonesia x 14
 
 ðŸ‡¨ðŸ‡³ China x 10
 
 ðŸ‡²ðŸ‡¾ Malaysia x 5
 
 ðŸ‡©ðŸ‡° Denmark x 1
 
 ðŸ‡¯ðŸ‡µ Japan x 1
 
 ðŸ‡®ðŸ‡³ ð—œð—»ð—±ð—¶ð—® ð˜… ðŸ­",NT
"Coba jadi fansnya Zii Jia, biar tau gmna rasanya gagal SF thomas cup padahal menang muluðŸ˜ uda bukan paling tersakiti lagi kayaknya.",N
"Cuma satu benda aku tak puas hati ialah
 
 
 
 Bagaimana Suku Akhir Piala Thomas boleh takda HawkEye
 
 
 
 Macam ibarat Suku Akhir World Cup FIFA takda VAR
 
 
 
 Siottt jee
 
 
 
 Ni perlawanan peringkat tinggi kot",N
Daftar 4 Negara Lolos Perempat Final Thomas Cup https://t.co/IrN6xiy7oR,NT
Daftar 8 Negara Lolos ke Perempat Final Thomas Cup https://t.co/UeT5kmY51x,NT
Daftar 8 Negara Lolos ke Perempat Final Thomas Cup https://t.co/ISKJ6V0lKo,NT
Daftar 4 Negara Lolos ke Semifinal Thomas Cup 2022 https://t.co/mauzzbqhkX,NT
Dah gila thomas cup aku ni agaknya. Kalah update kpop dibuatnya,N
"Dari tahun 2012, tidak ada juara bertahan yg bisa mempertahankan gelar Thomas Cup
 
 
 
 Artinya? Persaingan di tim cowok itu emang super ketat. Emang dari babak grup aja tuh sulit diprediksi. Juara yg gak itu-itu aja bikin olahraga makin berwarna &amp; bisa terus dilirik oleh bayak pihak",P
"Debut di Thomas Cup itu udah berat.
 
 Jadi penentu, pula.
 
 Dan dari keadaan tertinggal di game terakhir malah bisa membalikkan keadaan jadi menang.
 
 
 
 Syabda menyelesaikan tugasnya dengan sangat, sangaaaat baik! ðŸ’¯ðŸ‘ŠðŸ¼ðŸ‡®ðŸ‡©",P
"Di 2 edisi Thomas Cup terakhir, tembok besar China memang sudah benar"" dirobohkan oleh Indonesia, lagi"" langsung dihajar 3-0 saja.",P
"Di Thomas Cup &amp; SEAG, yg jadi decider MS selalu dari Djarum
 
 
 
 Vito, Syabda &amp; skrg Bobby. Ayo nyusul geng Djarum lainnya!",P
"Dibandingkan dg rekan"" seangkatannya yg lain di pelatnas seperti Christian dkk, sejauh ini Syabda sejujurnya masih lebih di bawah. Bisa dpt kesempatan main di Thomas Cup jd kesempatan yg langka, klo bisa dimanfaatkan dg baik mungkin kedepannya akan bisa mengangkat moralnya dia.",P
"Dukungan tim Thomas cupðŸ˜­â¤ï¸ðŸ™Œ,Semangat untuk QF nyaðŸ”¥ðŸ™Œ
 
 
 
 #ThomasCup2022 Syabda Kevin Vito Daddies KeBab KeBas Fajri Bakri Ginting Balqis Korea Malaysia Babah Chiharu Shida Epic Comeback Deddy Corbuzier Papua https://t.co/JizgHFb5FG",NT
"Emang anaknya ditakdirkan susah move on... sumpah sampe hari ini masih kepikiran sama Thomas Cup. masih sedih aja gituu bukan karena Thomas Cup nya ke India tapi lebih ke ""gimana mental atlit2 kita ya, masih bisa fokus buat Thailand Open gak ya"" -c-",N
"Empat Negara Lolos Perempat Final Thomas Cup 2022, Indonesia Teratas https://t.co/XFYsHwpEiq",NT
"FINAL THOMAS CUP INA VS IND, kalo kata ci agnes plot twist HAHAHAHA, ok semangat final nya besok, mainnya enjoy, nothing to lose ðŸ’ªðŸ»ðŸ”¥",P
"FINAL THOMAS CUP TAHUN KEMAREN: INDONESIA 3-0 CHINA 
 
 
 
 QUARTER FINAL TAHUN 2022: INDONESIA 3-0 CHINA
 
 #ThomasCup2022 
 
 
 
 UHUKK!! UHUKK!! BEGINI DOANG CHINA https://t.co/hTbeRO7clT",NT
FOTO: Smash Keras Indonesia Hajar Thailand di Thomas Cup https://t.co/cAvYNDA1St,NT
"Fantastis, ini Nilai Bonus Thomas Cup 2022 Jika Kevin Sanjaya cs Keluar Sebagai Juara https://t.co/oPDj1du38R Japan Melissa #UberCup2022 Ukraine #TUC2022 #ThomasCup2022 Ginting Jonathan Vito Ahsan Hendra Fajri",NT
Final Thomas Cup 7 jam lagi tapi mulesnya sudah terasa sekarang https://t.co/Oj06UVuf8h,NT
"GIVEAWAY EDISI THOMAS CUP âœ¨
 
 Indonesia goes to final! 
 
 Giveaway saldo 10k untuk 2 orang
 
 5k - dana
 
 5k - spay
 
 
 
 Rules:
 
 - RT aja
 
 - Indonesian only
 
 
 
 *badminton stan kuyy mutualan (INA stan free pass)
 
 #zonauang #TUC2020 
 
 End besok 12.00 WIB https://t.co/qrpKfzqbnX",NT
"Ga sabar nunggu OOP thomas cup, apakah prindavan akan mempermainkan urutan OOP dengan memasangkan 2 MS mereka buat jadi MD2? Degdegan parah.",NT
"Gak berharap sih indo bisa mempertahankan juara thomas cup, prediksi w juara thomas tahun ini antara DEN/MAS",N
"Gak dulu nonton badminton sekarang sekarang, masih patah hati kalah mengenaskan dari india di final thomas cup ðŸ’”ðŸ’”",N
"Gara gara semalem nonton Thomas Cup lawan korsel, jadi ngimpi member redvelvet lomba bulutangkis jadib 5 putri bukan cuma ganda putriðŸ˜­ðŸ˜­ðŸ˜­ðŸ‘ðŸ»ðŸ‘ðŸ»ðŸ‘ðŸ»",NT
Gelut aja dah kita perkara final Thomas Cup ini. https://t.co/ueHdlotazL,N
"Gile, ternyata gak pernah sekalipun kalahnya bukan cuma di Thomas Cup ini, tapi juga edisi yang lalu.
 
 
 
 What a valuable asset for Indonesia â¤ï¸ðŸ‡®ðŸ‡© https://t.co/Mg0MiCzQvW",P
"Gimana Khudukers dengan hasil undian Thomas cup?
 
 
 
 Seperti di undian Uber, Indonesia ðŸ‡®ðŸ‡©juga akan ketemu tim China ðŸ‡¨ðŸ‡³ di Thomas. Taipei ðŸ‡¹ðŸ‡¼ dengan Jepang ðŸ‡¯ðŸ‡µ, dan Korea ðŸ‡°ðŸ‡· dengan Denmark ðŸ‡©ðŸ‡° juga akan kembali bertemu di Thomas
 
 
 
 #TUC2022
 
 #ThomasUberCup2022
 
 #BhulukhudukTV",NT
"Ginting, Jonatan dan Kevin terhitung sudah 3x mengantarkan Indonesia ke Final Thomas Cup dr 4x keikutsertaannya. Pemain"" yg dulu di Thomas Cup 2016 memulai debutnya di usia yg sangat muda, ternyata bisa berkontribusi sampai sejauh ini.",P
Ginting telah bermain selama 408 menit selama Thomas Cup 2022.,NT
"Group A - Thomas Cup MD2
 
 
 
 INA 3 vs 1 THA
 
 
 
 Bagas Maulana/Kevin Sanjaya Sukamuljo vs Peeratchai Sukphun/Pakkapon Teeraratsakul 
 
 
 
 24-22 21-11
 
 
 
 INDONESIA PASTIKAN MENANG ATAS THAILAND SETELAH PASANGAN GADO-GADO BAGAS/KEVIN SUMBANG POIN KETIGA! GAME YANG MENYENANGKAN
 
 
 
 #TUC2022 https://t.co/c1ierEgOPt",NT
"HISTORY MADEâ€¼ï¸
 
  
 
 Tim Thomas India berhasil melaju ke babak final Thomas Cup untuk kali pertama sejak 73 tahun terakhir. India berhasil melibas Denmark dengan skor 3-2. ðŸ‡®ðŸ‡³
 
  
 
 #TUC2022 
 
 #ThomasUberCup2022 #ThomasCup https://t.co/SnAtGDzhMj",NT
Hari ini Final Thomas Cup âœ¨,NT
"Hari ini final thomas cup ya
 
 Ya Allah deg2an",P
Hasil Drawing Perempat Final Thomas Cup: Indonesia Jumpa China https://t.co/hCiuTcRyNq,NT
"Hasil Thomas &amp; Uber Cup 2022
 
 DAY 3: Group Stage Matchday 3
 
 
 
 Hari 3 selesai sudah luurr! https://t.co/ujhVZVS8dd",NT
Hendra Setiawan Berperan Penting dalam Penampilan Anthony Ginting di Laga Thomas Cup 2022 https://t.co/FGsYMtvKua,NT
Hendra Setiawan Pamit dari Thomas Cup? â€“ detik â€“ Arenanews https://t.co/z4TpyiZaRv https://t.co/d6x90a0kia,NT
Hendra Setiawan Pamit dari Thomas Cup? â€“ detik â€“ Arenanews https://t.co/0KmOcItdIE https://t.co/JHO5diRUBQ,NT
"History:
 
 
 
 IND ðŸ‡®ðŸ‡³ ke Final Pertamanya di Thomas Cup
 
 
 
 #TUC2022
 
 #ThomasUberCup2022 
 
 #BhulukhudukTV https://t.co/xnbi4uXj7W",NT
"Ibu dari Bilqis Prasista, Zelin Resiana, adalah salah satu pahlawan Uber Cup Indonesia 1994 dan 1996.
 
 
 
 Sementara Bapaknya, Joko Suprianto, adalah salah satu pahlawan Thomas Cup Indonesia 1994, 1996, 1998.
 
 
 
 #UberCup2022 #ThomasCup2022 #TUC2022",NT
"India bawa pulang piala Thomas perdananya, mencegat gelar ke-15 Indonesia. Selamat, ikut bahagia!
 
 
 
 Perasaan mereka mungkin sama dg saat Indonesia pertama juarai Thomas Cup 64 tahun lalu. Simak misal muka harian Merdeka, 17 Juni 1958: â€œMalaya berkabungâ€, â€œIndonesia Raya Bergemaâ€. https://t.co/2CyySJOUlH",P
India dl dibantai2 skrng final Thomas Cupâ€¦ ngeriiii,P
"India menjadi juara Thomas Cup 2022 setelah mengalahkan Indonesia 3-0 pada laga final yang berlangsung di Impact Arena, Bangkok, Minggu (15/5).
 
 
 
 Selengkapnya,
 
 https://t.co/tOGyFGCVaq
 
 
 
 #iNews #Badminton #ThomasCup2022 https://t.co/WkKuLP3kDw",P
"India ðŸ‡®ðŸ‡³ kembali Menjajaki babak semifinal Thomas Cup setelah penantian 43 tahun lalu, tepatnya pada Thomas Cup 1979 di Jakarta, Indonesia
 
 
 
 IND ðŸ‡®ðŸ‡³ 3 - 2 MAS ðŸ‡²ðŸ‡¾
 
 
 
 #TUC2022 
 
 #ThomasUberCup2022 
 
 #BhulukhudukTV https://t.co/WwE9RGIIxr",NT
"Indonesia Bisa!LIVE FINAL THOMAS CUP 2022,INDONESIA ðŸ‡®ðŸ‡© vs INDIA ðŸ‡®ðŸ‡³ pukul 13.00 wib, MNC TV &amp; I NewsTV Mudah2x an INA mampu membawa pulang lg Piala Thomas krn skrg Bendera Merah Putih sdh bisa dikibarkan!This is The Moment!Menurut kalian Line Up Pemain INA akan tetap atau berubah? https://t.co/QffSP22pKc",P
Indonesia berhasil ke final Thomas Cup 2022 setelah mengalahkan Jepang 3-2 di semifinal. Kepastian itu didapat lewat kemenangan Shesar Hiren Rhustavito. https://t.co/JFAgSTojlN,P
"Indonesia berpeluang mempertahankan juara Thomas Cup-nya tahun ini. Namun, para Srikandi Merah Putih masih butuh waktu untuk berbicara banyak di Uber Cup. https://t.co/naKGJoMcGW",P
"Indonesia paling sering tampil di final Thomas Cup dan hampir selalu jadi juaranya. Menghadapi India di final 2022, akankah Merah-Putih berkibar lagi? https://t.co/ZTCRYn3Z75",NT
"Indonesia vs China. Pertemuan 2 negara tersukses di Thomas Cup, 2 negara yg juga sama"" hanya pernah kalah 1x saja di sepanjang sejarah 8 besar Thomas Cup. Kamis malam nanti dipastikan akan jd kekalahannya yg ke-2 Indonesia/China di 8 besar Thomas Cup.",NT
Indonesia vs India di Final Thomas Cup 2022 https://t.co/pwW3QRuo6N,NT
Indonesia vs Korea di Thomas Cup: Ada Duet Baru untuk Kevin? #Analisis https://t.co/uO0oyJdROI,NT
Indonesian Thomas Cup team when foto begini????? https://t.co/H36atZLEpf,NT
Ini kalo ada BL yang baru join pas Thomas-Uber Cup dan nonton match ini apakah langsung mengundurkan diri jadi BL atau lanjut ya kira-kira?,NT
"Ini pertemuan terakhir JPN vs INA di Thomas Cup, yaitu di QF edisi 2012.
 
 
 
 10 years later, Hendra Setiawan &amp; Mohammad Ahsan masih memperkuat skuad Thomas Cup Indonesia. ðŸ‘ðŸ»ðŸ‘ðŸ»ðŸ‘ðŸ» https://t.co/3Lrp1Q6mhR https://t.co/jo3u4x6mhN",NT
"Inilah 4 faktor kemenangan telak tim Thomas Cup Indonesia atas China 3-0
 
 https://t.co/moCvt9d07X https://t.co/sWIRE44Agi",NT
"Inilah si kalem Shesar Hiren Rhustavito yang menjadi penyelamat tim Thomas Cup Indonesia
 
 https://t.co/FcgoEAfhEP https://t.co/oDGkJykYAf",NT
"Italia ga lolos WC, Thomas Cup kalah, Juve nihil tropi, arsenal no UCL, Madrid kalah lawan liverpool di final. It summarizes how my sports season ends. 
 
 
 
 1 tropi dr la liga mayan lah",NT
"Itâ€™s Final! Indonesia sebagai juara bertahan telah melaju ke babak Final. Ayo dukung Tim Indonesia bertanding melawan IndiaðŸ”¥
 
 
 
 Saksikan pertandingan Final Total Energies BWF Thomas Cup 2022 melalui paket streaming di UseeTV GO mulai dari Rp 11.000,-âœ¨ https://t.co/fJDQrBLFOa",NT
"Jadwal Final Thomas Cup 2022 Hari Ini, Indonesia vs India, Ginting dkk Siap Tempur, Live iNews TV
 
 
 
 #badminton #bulutangkis #badmintonIndonesia #badmintonlovers #ThomasUberCup2022 #ThomasUberCup #TUC2022 #ThomasCup2022 #Ginting #Vito
 
 
 
 https://t.co/DvZXQGXQ1D lewat",NT
"Jadwal Final Thomas Cup 2022 Indonesia vs India, Shesar Hiren Pahlawan, Jonatan Christie Ngaku Salah https://t.co/RJXIWxtMoA https://t.co/bdIdnCFsR4",NT
Jadwal Indonesia di Uber dan Thomas Cup Rabu 11 Mei https://t.co/JCtJP7PWmM,NT
"Jadwal Jam Tayang Thomas dan Uber Cup 2022 Live Rabu 11 Mei Indonesia vs Korea Selatan Grup A #ThomasCup #UberCup #Badminton #Timnas
 
 
 
 https://t.co/q8yGxT2yWB",NT
"Jadwal Semifinal Thomas Cup 
 
 
 
 INA ðŸ‡®ðŸ‡© vs JPN ðŸ‡¯ðŸ‡µ 
 
 
 
 Jumat, 13 Mei 2022 Pukul 18.00 WIB Court 2
 
 
 
 #TUC2022
 
 #ThomasUberCup2022 
 
 #BhulukhudukTV https://t.co/pVEq6TxYSW",NT
Jadwal Siaran Langsung Indonesia vs India di Final Thomas Cup https://t.co/mospz8AvAC,NT
"Jadwal Thomas &amp; Uber Cup 2022
 
 DAY 4: Group Stage Matchday 4
 
 
 
 Hari terakhir babak grup, guys!! Siapa yang akan jadi juara grup dan runner-up?
 
 
 
 #TUC2022 #ThomasCup #UberCup https://t.co/foWx3Zn5r7",NT
"Jadwal dan Prediksi Final Thomas Cup Indonesia vs India, AADC (Ada Apa dengan Christie)? https://t.co/CVRAZGPH7l",NT
"Jadwal dan Prediksi Final Thomas Cup Indonesia vs India, AADC (Ada Apa dengan Christie)? https://t.co/KYZ8ot4SI6",NT
Jaga tp di kaber gaada wifi ini gmn aku streaming Thomas Cup nanti siang huft,NT
"Jam 2 dini hari stress nonton Liverpool, 12 jam kemudian akan stress nonton Thomas Cup. Hewlp ðŸ˜©ðŸ˜©",N
Jangan Lewatkan Thomas Cup dan Uber Cup 2022 Hari Ini! Berikut Jadwalnya: Ada Indonesia vs Korea Selatan https://t.co/1k7jnzczOl #beritaterkini #infoterkini #jawatimur,NT
"Jangan sampai terlewat siang hari ini pukul: 13.00 WIB Final Thomas Cup Indonesia vs India live MNC dan iNews TV #BadmintonIndonesia 
 
 #FinalThomasCup2022",NT
"Janjian pergi subuh, gegara semalam keasikan nonton semifinal Thomas Cup bangun setengah enam, ya ditinggal doooong wkwkwkwkw
 
 Lawak kali diri ini ðŸ˜‚ðŸ¤£ðŸ¤£ðŸ¤£",NT
Jia underperformed lepas Thomas cup tahun lepas until bwc. Banyak kali retired sampai org perli dia takut malu kalah sbb tu dia retired. Mental breakdown masa bwc sampai iv pun dia nangis. So many injuries sbb terlalu push diri sendiri. Issue banned. Rumors sama sini.,NT
"Joging, olahraga pagi, persiapan buat jantung biar aman buat nonton final Thomas Cup 2022! 
 
 
 
 Semagat team Thomas cup!! ðŸ’ª
 
 Smg bawa pulang emas!",P
Jona tolong jangan terinspirasi dari match LGZ vs Christo ini karena kesel rekor Thomas Cup tahun lalu udah pecah ðŸ™ðŸ™ðŸ™,N
Jonatan Alami Blank Lawan Thailand di Thomas Cup https://t.co/tgA13y6yD8,NT
Jonatan Alami Blank Lawan Thailand di Thomas Cup â€“ CNN Indonesia â€“ Google Berita Olahraga â€“ Arenanews https://t.co/6jbpakIbqj https://t.co/rAQQ1J2Bcm,NT
Jonatan Alami Blank Lawan Thailand di Thomas Cup â€“ CNN Indonesia â€“ Google Berita Olahraga â€“ Arenanews https://t.co/J1k8b04kOY https://t.co/TqjI85HewP,NT
Jonatan Christie: Saya Sudah Berjuang Maksimal di Thomas Cup https://t.co/CdN2wqYIWO,NT
"Jonatan Menang, Indonesia Lolos ke Semifinal Thomas Cup 2022 https://t.co/uMxrw5DIfC",NT
Jonatan Mengaku Ditolong Ginting dan Kevin/Ahsan di Thomas Cup https://t.co/9TgvCmmr5O,NT
Juara Uber Cup 2020 ðŸ¤ðŸ» Juara Thomas Cup 2020,NT
"Kabar baik sekaligus membanggakan, Hari kemarin bulutangkis Indonesia yang bermain di Piala Thomas Cup berhasil menang melawan China 3-0, dan hari ini semifinal menghadapi Jepang. Doain ya ozzers semoga hari ini Indonesia bisa menang ya ozzers!ðŸ‡®ðŸ‡©
 
 
 
 #OZTERBANGPAGI w/ https://t.co/fICoFw0O9n",P
"Kalau ada Thomas Cup versi Doubles saja, Malaysia vs Indonesia agaknya final kot. https://t.co/OmSiVTOvrE",N
Kalau asyik focus satu player je bye bye je lahh thomas cup champion tu. BAM ni better sedar2 sikit lah management dia tu. Jangan sampai LZJ yang makes a move nanti baru nak tercidukk,N
"Kalo ada yg pengen banding""in Christie sama Ginting di Thomas Cup. Ini data keduanya sejak debut 2016, sampe hasil semalem lawan Thailand. Finger crossed buat keduanya di match-match berikutnya :)
 
 
 
 #ThomasCup2022 https://t.co/fncdnh1G3x",NT
Kayaknya thomas cup tahun lalu ga sampe bikin gue degdegan dari beberapa jam sebelum pertandingan mulai.,P
Kelihatannya Hendra /Ahsan sdh percaya dgn MD muda kita makanya mereka bilang â€œ this is my last Thomas cup â€œðŸ™ðŸ’ª,P
Kenapa lawan thomas cup berat semua dah,N
"Keseruan para atlet badminton terbaik dunia bersaing di TotalEnergies BWF Thomas &amp; Uber Cup Finals 2022! 
 
 
 
 Saksikan langsung dari aplikasi UseeTV GO https://t.co/cldtPUIq85 dan https://t.co/iPhUW18K5r tanpa harus langganan IndiHome! ðŸ”¥
 
 
 
 #AktivitasTanpaBatas #HomeOfPremiunSports https://t.co/6XxX1kX2IK",NT
"Kevin/Bagas Menang, Indonesia ke Perempat Final Thomas Cup https://t.co/gDqvadhXD4",P
"Kita harap kuih lapis masuk sea games untuk timba pengalaman and senior masuk thomas cup untuk masuk final. Lah terbalik pulak. Senior dok timba pengalaman, kuih lapis yang dok masuk finalðŸ˜‚ðŸ˜‚",P
Koga ni comel la! Aneh2 je. Banyak betul compilation dia Thomas Cup ni ðŸ˜‚ https://t.co/9ORbUFuKee,N
"Kohen made a post about his last Thomas Cup, meanwhile Yere......
 
 Yaiya sih, LeoNiel, BaKri emg udah semua ikut TC bareng Kohen. Tingga mereka aja....... https://t.co/FdhUjFkim8",N
Kunci Ahsan/Hendra Lalui Duel Alot Lawan Thailand di Thomas Cup https://t.co/j9VzZC3VEK,NT
Kurang tidur ini salah siapa? Ya jelas Thomas cup,N
"Lagi 4-6 tahun we might see this squad in Thomas Cup. Kalau main macam ni sampai naik ranking, percayalah adik-adik, bukan setakat Bukit Bintang, satu dunia kenal kau dik #SEAGames2021",P
"Leo/Daniel di Thomas Cup
 
 Bagas/Fikri di All England
 
 Pramudya/Yeremia di Kejuaraan Asia
 
 
 
 itâ€™s real. semua ada garis waktunya masing-masing, semua udah punya rezekinya sendiri-sendiri. rata. adil. kitanya aja yang harus sabar dan berhenti membandingkan.
 
 
 
 Keep up this great trend!ðŸ”¥",P
Liat berita thomas cup kok geram ya!! Dikalahin sama newbie badminton.,N
"List nontonku hari ini :
 
 Going to you at the speed 493km
 
 En o'clock
 
 Jam 14.30 ada webinar
 
 Jam 14.55-15.40 : Fp1 motogp
 
 Jam 18.00 : semifinal thomas cup
 
 Jam 19.10-19.55 : fp2 motogp",NT
"Liverpool mau quadruple tapi Chelsea quadruple duluan: quadruple runner-up tapi.
 
 
 
 Dari 2020, mereka kalah 4x di final turnamen domestik: FA Cup 2020, FA Cup 2021, League Cup 2022, &amp; FA Cup 2022.
 
 
 
 Baru sadar, Thomas Tuchel belum punya trofi domestik di Inggris. Padahal #UCL sudah.",N
"Lolos Semifinal Thomas Cup, Indonesia Ditantang Jepang, Ini Jadwalnya https://t.co/3sZdaiEqMg #ThomasCup2022",NT
"Lu liat itu syabda, gimana caranya dia ngelawan dirinya sendiri padahal bukan di fase knockout juga dan lu arrgh bener2 yaaa waktu thomas cup kmaren lo turu apa gimana sih",N
MS indonesia lagi ngelawak :( ga di thomas cup ga di sea games :(,N
Mari kita mengulang final thomas cup thn lalu hari ini,P
"Masa aku mimpi India juara Thomas Cup ðŸ˜­
 
 Dalem mimpi udah nangis-nangis, pas bangun langsung bilang, ""Alhamdulillah, mimpi.""",NT
Maybe takde rezeki thomas cup tapi maybe rezeki zii jia tahun ni nk juara byk tournament. Amin aja.,P
"Med Predict Thomas Cup 2022
 
 
 
 Quarter Final Malaysia 3-0 India 
 
 
 
 Semi Final Malaysia To Beat Denmark 
 
 
 
 Ramalan nampak takat situ,Nanti dah ada petanda, update lagi.
 
 
 
 Anyways jumpa semua dekat 2 802HD ðŸ˜˜",NT
"Menteri BUMN beri semangat Tim Thomas dan Uber Cup Indonesia yg bertanding di Thailand ðŸ¸
 
 
 
 Erick Thohir : â€œSemoga terus mengharumkan nama bulutangkis Indonesia di kancah Dunia Internasionalâ€
 
 
 
 #BangkitBersamaET https://t.co/MYVeMSSp8R",P
"Menteri BUMN memberi semangat utk Tim Thomas &amp; Uber Cup Indonesia yg akan bertanding di Thailand mulai minggu 8 Mei 2022
 
 
 
 Tim Thomas Indonesia Diharapkan bisa mempertahankan gelar Juara Thn lalu,sdgkn tim Uber Cup dihrpkn bisa memberikn kejutan
 
 
 
 #BangkitBersamaET https://t.co/clfFBnisVe",P
"Menteri BUMN Erick Thohir memberi dukungan dan semangat kepada Tim Thomas cup dan Uber cup Indonesia yang bertanding di Thailand.
 
 
 
 Semoga Tim Thomas dan Uber cup kita bs bawa pulang gelar JUARA.
 
 Amiiin. ðŸ¤²ðŸ¤²ðŸ¤²
 
 
 
  
 
 #BangkitBersamaET https://t.co/hqQoa5tM85",P
Mentri BUMN beri semangat Kepada Tim Thomas dan Uber Cup Indonesia yg akan bertanding di Thailand hari Minggu tgl 8 Mei-15 Mei 2022. #BangkitBersamaET https://t.co/GWV2xRAQfj,P
Meremang bulu romaku. Semoga Thomas Cup tahun ini milik Malaysia! #ThomasUberCup2022 https://t.co/Qs77y1BxT2,P
"Mimpi apa ya semalem , bisa bisa nya Thomas cup INA juga ketemu China ðŸ˜‘ðŸ˜‘ðŸ˜‘",P
"Mohammad Ahsan and Kevin Sanjaya. Final. Thomas Cup 2022
 
 
 
 Thank you guys! Siapa yang bakal kangen sama pasangan gado-gado ini?
 
 
 
 ðŸ“·: Getty Images/MANAN VATSYAYANA https://t.co/muy5Xpj6kp",NT
"Mumpung lagi ada drama bertema badminton #LoveAllPlay &amp; kebetulan lagi ada event Thomas-Uber Cup 2022, mimin mau bahas dikiitt soal judul &amp; istilah badminton di drama ini https://t.co/ky0rnFygtJ",NT
"Ngerjain KUM Sampai pagi âŽ
 
 nonton Thomas Cup matches Sampai Dini hari âœ…
 
 
 
 #GetMyPriorityRight ðŸ˜‚",NT
"Nmpk draw thomas cup, Malaysia ada hrapan pgi final",P
"Nonton Thomas cup hari ini bikin sadar kalau kadang mau sekuat apapun kita usaha tapi kalau Tuhan gak ijinkan gak akan berhasil.
 
 Ginting, babah, kevin main bagus. They did really well. udah unggul banyak ttp kalah ðŸ˜¢",P
Opini pribadi kunci rahasia yg dipegang coach naga api buat thomas cup itu pasangan Kevin/Ahsan sama Hendra/Bagas wkwkwk,P
"Pada nonton thomas cup dimana siih:"") dari kemarin pen nntn ðŸ˜­ðŸ¥²",NT
Pagi2 liat draw Thomas cup...eh jodoh bgt ma cina...ðŸ™ƒðŸ˜âœŒï¸,N
"Pak Menteri menyampaikan dukungan kepada tim Thomas dan Uber Cup Indonesia yang bertanding di Thailand.. Mugi2 Tim Sukses... Aamiin
 
 
 
 #BangkitBersamaET https://t.co/0F28VzyRPQ",P
"Partai ke 3. 
 
 
 
 Beban jojo untuk memperpanjang napas tim, agaknya sangat berat untuk dipikul. Tpi jojo set ke 2 mencoba merubah pola permainan meski sangat sulit harapan sempat muncul. Namun kidambi mampu menang dipoint2 krusial. Dan india merebut thomas cup dgn score 3 - 0.",NT
Pelatih ganda putra Indonesia Herry IP menyebut performa timnya di Thomas Cup 2022 sejatinya sudah on the track. Skuad Merah Putih hanya kurang hoki saja. https://t.co/BcKnkvj69d,P
"Perempat Final Thomas &amp; Uber Cup 2022: Indonesia Vs China, Ini Hasil Drawing Selengkapnya https://t.co/KYagBjJEed",NT
Pesan Menyentuh Ahsan dan Hendra Usai Thomas Cup 2022 https://t.co/4v0AVYE5nt,NT
"Pesan saya untuk memacu motivasi Syabda untuk menang dan Tim Thomas Cup Indonesia unggul 3 - 2 Korea 
 
 ðŸ˜ƒ https://t.co/ZZ2MmgxktK",P
"Piala Thomas 2022
 
 
 
 Tim Thomas Cup Indonesia bertemu Jepang di babak semifinal, usai menang atas China di babak perempat final #ThomasCup2022
 
 
 
 Dukung terus tim Thomas Cup ðŸ‡®ðŸ‡© ya gaess! kalian keren! https://t.co/ZvRnYZKSKw",NT
Prannoy H.S membawa India untuk pertama kali menginjakkan kaki di partai final Thomas Cup seusai mengalahkan Denmark dengan skor 3-2. #PrannoyH.S https://t.co/azHxC5eD6F,NT
"Profil Shesar Hiren Rhustavito, Penentu Kelolosan Indonesia ke final Thomas Cup 2022 https://t.co/tIYAKWhWij https://t.co/VwTTQsPrwY",NT
"Profil dan Biodata Lengkap Para Pemain Indonesia yang Berlaga di Final Thomas Cup 2022 https://t.co/lpjlp4vjlw
 
 
 
 #BadmintonIndonesia 
 
 #ThomasCup2022",NT
"Puji Tuhan, mengucap syukur atas kemenangan Indonesia ke final Thomas Cup. Mengstress tp yaudah gapapa ak kuat ak sabar",P
"Random News
 
 
 
 Susunan Pemain Indonesia vs Thailand di Thomas Cup: Duet Kevin/Bagas - CNN Indonesia
 
 https://t.co/2T33Wy0FbR",NT
"Rekap Quarter Final Thomas Cup 2022
 
 
 
 JPN ðŸ‡¯ðŸ‡µ vs TPE ðŸ‡¹ðŸ‡¼
 
 3 - 2
 
 
 
 INA ðŸ‡®ðŸ‡© vs CHN ðŸ‡¨ðŸ‡³
 
 3 - 0
 
 
 
 IND ðŸ‡®ðŸ‡³ vs MAS ðŸ‡²ðŸ‡¾
 
 3 - 2
 
 
 
 DEN ðŸ‡©ðŸ‡° vs KOR ðŸ‡°ðŸ‡·
 
 3 - 2 
 
 
 
 JPN ðŸ‡¯ðŸ‡µ, INA ðŸ‡®ðŸ‡©, IND ðŸ‡®ðŸ‡³ &amp; DEN ðŸ‡©ðŸ‡° Lolos Semifinal
 
 
 
 #TUC2022
 
 #ThomasUberCup2022 
 
 #BhulukhudukTV",NT
"Rekap Semifinal #TUC2022
 
 
 
 Uber Cup
 
 
 
 THA ðŸ‡¹ðŸ‡­ vs CHN ðŸ‡¨ðŸ‡³
 
 0 - 3
 
 
 
 JPN ðŸ‡¯ðŸ‡µ vs KOR ðŸ‡°ðŸ‡·
 
 0 - 3
 
 
 
 Thomas Cup
 
 
 
 INA ðŸ‡®ðŸ‡© vs JPN ðŸ‡¯ðŸ‡µ
 
 3 - 2
 
 
 
 IND ðŸ‡®ðŸ‡³ vs DEN ðŸ‡©ðŸ‡°
 
 3 - 2
 
 
 
 Uber Cup Final:
 
 
 
 CHN ðŸ‡¨ðŸ‡³ vs KOR ðŸ‡°ðŸ‡· 
 
 
 
 Thomas Cup Final:
 
 INA ðŸ‡®ðŸ‡© vs IND ðŸ‡®ðŸ‡³
 
 
 
 #TUC2022
 
 #ThomasUberCup2022 
 
 #BhulukhudukTV",NT
Rekap Thomas Cup 2022 - Indonesia Pastikan Tiket Perempat Final usai Singkirkan Tuan Rumah https://t.co/lcbusOtOxx,NT
Rekap Thomas Cup 2022 - Indonesia Pastikan Tiket Perempat Final usai Singkirkan Tuan Rumah https://t.co/KNJOOENM4V,NT
Rekap Thomas Cup 2022 - Indonesia Pastikan Tiket Perempat Final usai Singkirkan Tuan Rumah https://t.co/GMjdEz468d,NT
"Review Final thomas cup
 
 
 
 Partai pertama 
 
 Awalnya ginting tampil dominan an mampu menang mudah. Tp set kdua krn infonya kalah di arah angin ginting mulai ksulitan. St ke 3 mlai bangkit sblm interval, Stelah interval.India merubah pola main dan itu tlmbt diatisipasi ginting",NT
"Rexy: Kita target juara Thomas cup
 
 
 
 WCH di BAC, SC, TC20, TC22: Saya hantar pemain muda utk timba pengalaman. https://t.co/koZgkEgRAa",P
SEMANGAT TIM UBER INDO YANG HARI INI AKAN MELAWAN GERMAN DI BABAK PENYISIHAN GRUP A THOMAS &amp; UBER CUP 2022 ðŸ’ªðŸ’œðŸ’œðŸ’œ,P
"Salah satunya, ada naturalisasi yaa Mas, utk menyingkirkan NU. Padahal India Tanpa Naturalisasi malah Juara Thomas Cup https://t.co/yzqSZv8YAF",P
"Sapura punya pasal, Mâ€™sia out Thomas Cup. Punde Najib",NT
"Sbg penonton netral, menonton Final Uber Cup 2022 memang menyenangkan dan tentu yg diharap-harapkan bisa berlangsung seperti ini. Tp klo besok di Final Thomas Cup sih jangan sampai seperti ini, Indonesia bisa menang lebih cepat akan lebih bagus, biar tdk pingsan penontonnya. ðŸ˜…",P
Sedih Indonesia kalah tapi lagi sedih bila pikir atleast Indonesia memang Thomas cup tahun lepas tahun ni masuk final and Malaysia 3 kali berturut QF. I really want this generation atleast hold Thomas cup sekali pun cukup. Lagi 3 4 edition dah tukar generation lain dah,NT
"Sedihnya keterusan ya ðŸ¥²
 
 Baru dipatahkan di Thomas Cup dan kembali dipatahkan di SEA Games ðŸ’”
 
 
 
 Terlepas dari kegagalan itu, mau bilang makasih untuk semua atlet yg sudah berjuang ðŸ™ðŸ»
 
 Comeback stronger untuk semuanya ðŸ¤
 
 Goodluck untuk final women's team!I hopefully for a miracle âœ¨",P
"Sehebat-hebatnya China yg ibarat punya segala sumber daya untuk jd negara terkuat di dunia bulu tangkis. Kemarin di Thomas Cup, MS ke-1 nya yg sempat melawan Indonesia adalah pemain dg ranking 38 dunia. Sama sekali tdk pernah terbayang China bisa sampai mengalami fase sesulit itu",P
"Seingin-inginnya nonton Final Thomas Cup 2022 yg seru kek final uber cup kemarin, rasanya jantung g kuat kalo bener2 kek kemarin
 
 
 
 Ya kali semua pertandingan kelar rubber sampe stamina terakhir?
 
 
 
 Jantungku tak kuat ðŸ˜£ðŸ˜£ðŸ˜£",N
"Sejak 2004,Indonesia gak pernah tuh ketemu China di perempat final, mau itu Thomas Cup atau Uber Cup.
 
 
 
 China di edisi 2022: ä½ å¥½å°åº¦å°¼è¥¿äºž (ni hao yinduxiya)",NT
Sejarah untuk India bisa ke final Thomas cup setelah mengalahkan Denmark di semi final,P
"Sekarang benar-benar bucin dengan dunia badminton. 
 
 Ayang aja nggak ditanyaian kabar
 
 Semoga Thomas Cup tetap betah di Indonesia. 
 
 Selamat berjuang tim Thomas âœ¨",P
"Sekelas thomas sm uber cup shuttlecock nya jelek banget ya, baru main bentar udah diganti.",NT
"Selama 29 kali Indonesia ikut Thomas Cup sebanyak 28 kali Indonesia lolos ke Semifinal sejak 1958 - 2022.
 
 
 
 #TUC2022",NT
"Selamat untuk seluruh personel Thomas Cup Indonesia atas kemenangannya lawan Jepang. 
 
 
 
 Terutama yang bermain malam ini: Ginting, Ahsan, Kevin, Fajar, Rian, Jojo, dan yang terakhir Vito. Semoga podium tertinggi bisa kita gapai kembali tahun ini. Bismillah. ðŸ¤²",P
"Selamat untuk tim Thomas Cup Indonesia mengalahkan Korea Selatan dengan skor 3-2 dan menjadi juara group A. 
 
 https://t.co/VUFYml7A4o",P
"Selesai sudah drama semifinal INA ðŸ‡®ðŸ‡© vs JPN ðŸ‡¯ðŸ‡µ
 
 
 
 Final Thomas Cup, Minggu 15 Mei 2022 Pukul 13.00 WIB
 
 
 
 #TUC2022
 
 #ThomasUberCup2022 
 
 #BhulukhudukTV https://t.co/p4pqCXcZzm",NT
"Semangat Berjuang Tim Thomas Dan Uber Indonesia
 
 
 
 Dalam kesempatannya Menteri BUMN Erick Thohir menyampaikan dukungannya kepada tim Thomas dan Uber Cup Indonesia yang bertanding di Thailand. 
 
 
 
  
 
 #BangkitBersamaET https://t.co/iukPa926Uu",NT
"Semifinal Thomas Cup 2022
 
 
 
 INA ðŸ‡®ðŸ‡© vs JPN ðŸ‡¯ðŸ‡µ
 
 
 
 DEN ðŸ‡©ðŸ‡° vs IND ðŸ‡®ðŸ‡³
 
 
 
 #TUC2022
 
 #ThomasUberCup2022 
 
 #BhulukhudukTV",NT
"Semoga bisa liat final thomas cup, Aamiin",P
"Semoga jantung aman hari ini menyambut Final Thomas Cup
 
 
 
 INDONESIA vs INDIA
 
 
 
 #ThomasCup2022 
 
 #BadmintonIndonesia",NT
"Sempat tertinggal 2-0, tim Thomas Cup Indonesia berhasil comeback jadi menang 3-2 lawan tim Korea Selatan.
 
 
 
 Laga penentu dimenangkan oleh MS debutan Indonesia, Syabda Perkasa Belawa.
 
 
 
 Indonesia berhasil lolos ke Perempat Final sebagai peringkat 1 Grup A Thomas Cup 2022. https://t.co/z8SUFr9EC0",P
"Semua kemain ketawa joke jia jadi tim tulang punggung. Ingat eh jia, yg kau rasa skrg tu juga ape yg DLCW rasa dulu. You jadi ms2 thomas cup dulu pun ga waras jugaðŸ˜‚",N
"Setiap ada Thomas Cup dan Uber. Kenapa WADA selalu saja ada ""acara"" juga ya? Wkwkwkwkwkwkwk...
 
 https://t.co/b87bLdXsUd",N
Siap untuk sport jantung hari ini. Final Thomas Cup Indonesia vs India dan sepakbola SEA Games Indonesia vs Myanmar.,P
Siapa yg mau temenin aku nonton Thomas Cup â˜ðŸ»,P
"Sosok Lakshya Sen Juara di Thomas Cup 2022, Pemain Andalan India Pernah Prestasi di All England 2022 #India #ThomasCup2022 #LakshyaSen #Badminton 
 
 
 
 Baca selengkapnya&gt; https://t.co/5wPa9RsvPx https://t.co/5Ow6kFSt0L",NT
Speechless sama terharunya tuh berasa kek udah juara Thomas CupðŸ˜­,P
Streaming Olahraga: JADWAL Piala Thomas Cup 2022 Hari ini Jam Berapa? Berikut Link Live Streaming Nonton TV Online â€“ Mantra Sukabumi â€“ Mantra Sukabumiâ€ â€“ Arenanews https://t.co/VLn9zgQxXB https://t.co/IxbT1N2ThL,NT
Streaming Olahraga: JADWAL Piala Thomas Cup 2022 Hari ini Jam Berapa? Berikut Link Live Streaming Nonton TV Online â€“ Mantra Sukabumi â€“ Mantra Sukabumiâ€ â€“ Arenanews https://t.co/Qu6WlKqd2M https://t.co/CtlPEJnes2,NT
"Susunan Pemain Indonesia vs India di Final Thomas Cup 2022, Laga Terakhir Perebutan Gelar Juara - Ponorogo Terkini - Ponorogo Terkini https://t.co/DZjmAscEgg https://t.co/lyQ5wHbjpF",NT
"Syabda dapet 2 keuntungan:
 
 
 
 1. Masuk tim Thomas Cup dan dipercaya main di laga penentuan juara grup
 
 2. Melatih mental di kedudukan krusial
 
 
 
 GOOD JOB!!!
 
 
 
 #TUC2022",P
Syabda loncat loncat di Thomas cup aja sampe trending ðŸ¤£,P
"TIM INA THOMAS CUP 2022
 
 
 
 ;Diri-Tulus https://t.co/lCYSG3Fa6Y",NT
"TIM THOMAS INDONESIA ME;LAJU KE FINAL THOMAS CUP 2022
 
 
 
 Hai, Sobat BSI...
 
 
 
 Setelah semalam Tim Thomas Indonesia menang di Semifinal Thomas Cup 2022 dari Tim Thomas Jepang. TIm Thomas Indonesia memastikan masuk FInal dan akan bertemu Tim Thomas India.
 
 
 
 Kuliah...? BSI Aja !! https://t.co/4AhJJDk6qO",NT
"Tahun lalu nyesek di Sudirman Cup, menang di Thomas Cup. Sekarang nyesek di Thomas Cup, berarti bawa pulang Sudirman Cup kayanya ygy",P
"Tahun lalu yg struggle di Thomas Cup Kevin/Gideon. Skrg Ginting.
 
 
 
 Kalo tahun lalu Kevin/Gideon dapat momentum di QF lawan Aaron/Soh.
 
 Semoga QF lawan MS 1 China nanti Ginting dapat momentum yg sama.
 
 
 
 Harusnya liat gimana Vito &amp; Syabda fight kemarin Ginting lebih termotivasi...",N
"Tapi betul lah dia macam datang masa tournament besar je like sudirman cup, batc, all england, thomas cup. Mana dia masa tournament like german open swiss open? Menghilang",N
Tapi bukan berarti kekalahan Jona &amp; FajRi jadi seenaknya dijadikan ladang untuk pembullyanâ€¦ mereka jg banyak berjasa loh sm kemenangan INA di Thomas Cup dan apa lupa mereka jg yg backup saat Ginting belum in ðŸ™,P
Terhibur betul lah badminton sea games ni tengok reaction players dekat belakang dengan officials berdiri belakang bersorak semua ðŸ˜‚ðŸ˜‚ Thomas cup patutnya ada ruang player untuk bangun bergerak-gerak semua ni bukan sorak dekat tempat duduk je hahaha #SEAGames2021,N
Terima Kasih tim Thomas dan Uber Cup Indonesia!!! Semangat teroooosss!!! ðŸ’ªðŸ¼ðŸ’ªðŸ¼ðŸ’ªðŸ¼ðŸ’ªðŸ¼ðŸ’ªðŸ¼ðŸ‡®ðŸ‡©ðŸ‡®ðŸ‡©ðŸ‡®ðŸ‡©ðŸ‡®ðŸ‡©ðŸ‡®ðŸ‡©ðŸ‡®ðŸ‡©,P
"Terima kasih teman-teman. Semoga Tim Indonesia dilancarkan untuk final Thomas Cup besok. Tahun lalu bendera PBSI yang berkibar di puncak, bismillah tahun ini giliran bendera Indonesia ðŸ”¥ðŸ”¥ðŸ”¥ https://t.co/hwgzuy54Ds",P
Terimakasih team Indonesia! Selamat buat India yang jadi juara Thomas Cup 2022. Comeback stronger guys! ðŸ‘ðŸ»ðŸ‘ðŸ»ðŸ‡®ðŸ‡© https://t.co/vz43u514DO,P
"Terkini, Update Ranking BWF Shesar Hiren Rhustavito, Penentu Kemenangan Indonesia Diajang Thomas Cup 2022 https://t.co/Y764J0hdBf #GISELLE Sisca Kohl Rosalia Indah Persib Terong Diajak #KARINA Kakean #SEAGames Vito First Love AC Milan",NT
"Tetap semangat, !
 
 
 
 F - Swiss Open S300
 
 F - Korea Open S500
 
 F - BAC S1000
 
 F - Thomas Cup 
 
 
 
 Dari level menengah, level atas, kontinental, sampai beregu nga pernah bolos, presensi terus di final. ðŸ’ªðŸ»
 
 
 
 Rawat terus trennya, rawat terus pedenya. ðŸ˜Š https://t.co/YlkCRlSFXe",P
"Thank you untuk sebagian besar rakyat Malaysia yang support Indonesia di Final Thomas Cup, it means a lot to us!!",P
"Thomas &amp; Uber Cup 2022
 
 
 
 Besok!
 
 Pertandingan semakin memanas! Dukung dan Saksikan Putri Indonesia Bertanding di Babak Penyisihan.
 
 mulai 09.00 WIB
 
 
 
 Match 1 - Uber Cup
 
 Indonesia VS Jerman
 
 Live iNews dan MNCTV https://t.co/ZzECqm7BKF",NT
"Thomas Cup 2022 - FINAL
 
 
 
 Indonesia vs India
 
 
 
 #ThomasCup2022 #ThomasUberCup2022 #TUC2022 #Bangkok2022 #BadmintonIndonesia #Badminton #ThomasUberCups #ThomasCup https://t.co/nLYQrFJBrn",NT
"Thomas Cup, Meresapi Kegagalan yang Dikecap #Analisis https://t.co/QkDU0bTdfP",NT
"Thomas Cup 2022 Silver Medalists - Team Indonesia ðŸ‡®ðŸ‡©
 
 
 
 ðŸ“¸ Badminton Photo
 
 
 
 #TUC2022 #ThomasCup https://t.co/L8WBkpvFA0",NT
"Thomas Cup 2022: 8 Negara Lolos ke Perempat Final, Termasuk Indonesia https://t.co/0UJ2oJlImX",NT
"Thomas Cup 2022: Menang atas Thailand, Mohammad Ahsan Akui Lawan Tak Mudah https://t.co/OthuO2GrVu #mgoalindo",NT
Thomas Cup INA capek capek pasang muka galak. Bl pas liat malah ðŸ¤£ðŸ¥°ðŸ˜ƒðŸ˜‚ðŸ¤ªðŸ˜œ,NT
"Thomas Cup Indonesia vs Thailand 4-1: Ginting Kalah Lagi, Kevin-Bagas Bikin Kejutan 
 
 #ThomasUberCup2022 #KeBas 
 
 https://t.co/7YWStuYvV0",NT
Thomas Cup apakabar yah ðŸ¥¹ðŸ¥¹ðŸ¥²,NT
"Thomas Cup ini kejuaraan beregu. Siapapun bisa dalam semalam jadi hero, tapi besoknya dianggap zero. Begitupun sebaliknya.
 
 
 
 Mau komen ya yang chill aja, ngga usah berlebihan apalagi sampai menghakimi atau nyakitin orang lain â¤ï¸",P
"Thomas Cup runner-up
 
 Arsenal failed secure top 4
 
 
 
 Sorry kalo ntar suka gampang naik darah, mood gue bakal rusak sampe tanggal 27 (karena tanggal 27 gajian ðŸ¤£ðŸ¤£ðŸ¤£)",N
"Thomas Cup: Ahsan/Kevin Menang, Indonesia Unggul 2-0 https://t.co/pZhpfK0oN2",NT
Thomas Cup: India end Malaysia's hope in Bangkok https://t.co/MHBfPOa4vg https://t.co/xG1v5sh4P8,NT
Thomas Cup: Syabda Bawa Indonesia Menang Dramatis Atas Korea https://t.co/ClxHFqvXLe,NT
"Thomas Cup: Vito Menang, Indonesia vs Korea 1-2 https://t.co/lfVvWG7Ojx",NT
"Thomas Tuchel:
 
 
 
 ""Seperti di final terakhir, Carabao Cup, tidak ada penyesalan. Saya mengatakan kepada tim bahwa saya bangga.""
 
 
 
 ðŸ“ via https://t.co/csQjoNTSt5",P
Thomas cup : Indonesia jumpa India di final,NT
"Thomas cup pertama saya udah habis. Besok akan pulang ke Singapore dulu, lepas tu ke Hanoi. Jumpa lagi di SEA Games ðŸ’ªðŸ»
 
 
 
 Terima kasih atas dukungan semua ðŸ™ðŸ»ðŸ¥° https://t.co/wtMj87NsDk",P
Tiba tiba aku rasa team Thomas Cup IND ni mcm LKY. Hahaha.,N
"Tim Thomas Cup &amp; Uber Indonsia ke Perempat Final kejuaraan Beregu Bulutangkis
 
 semoga berlanjut ke semifinal
 
 tetap semangat Indonesia tim",P
"Tim Thomas Cup Indonesia Kesurupan Real Madrid. 
 
 Remontada adalah Comeback 
 
 #ThomasUberCup2022 
 
 1-0
 
 2-0
 
 2-1
 
 2-2
 
 2-3
 
 Juara Grup!!",NT
"Tim Thomas Cup Indonesia balas dendam kekalahan Tim Uber atas China, Ginting dan Jojo sumbang kemenangan https://t.co/NmOtmoigiU",P
"Tim Thomas Cup Indonesia dipastikan lolos ke perempat final setelah sementara ini unggul 3-1 atas Thailand.
 
 
 
 Saat ini tunggal putra Shesar Hiren Rhustavito masih bertanding melawan Sitthikom Thammasin. #TUC2022",NT
"Tim Thomas Cup Indonesia vs Tim Thomas Cup Korea untuk perebutan juara grup pada hari Rabu (11/5). Keduanya sudah pasti ke quarterfinal.
 
 
 
 #TUC2022",NT
"Tim bulutangkis Indonesia adalah yang terbanyak merebut
 
 lambing supremasi bulutangkis pria, Thomas Cup, yaitu sebanyak
 
 13 x (pertama kali th 1958 &amp; terakhir 2002).",P
Tim india mampu kalahkan malaysia di thomas cup 2022. sejatinya ga mengejutkan banget ya. India memiliki 3 tunggal putra yg matang dan ganda putra yg luar biasa. Bukan tidak mungkin denmark akan kesulitan di SF malam nanti.,P
"Top 3 Sports: Indonesia ke Semifinal Thomas Cup, Kevin/Ahsan Viral https://t.co/ay74ztJW3w",NT
"TotalEnergies BWF Thomas and Uber Cup Finals 2022
 
 
 
  ðŸ‡®ðŸ‡©Bagas MAULANAðŸ…
 
 24 21 ðŸ‡®ðŸ‡©Kevin Sanjaya SUKAMULJOðŸ…
 
 22 11 ðŸ‡¹ðŸ‡­Peeratchai SUKPHUN
 
  ðŸ‡¹ðŸ‡­Pakkapon TEERARATSAKUL
 
 
 
 ðŸ•— in 33 minutes
 
  https://t.co/zXniyMuxB8",NT
"TotalEnergies BWF Thomas and Uber Cup Finals 2022
 
 
 
 Group Phase A: 
 
 
 
 INA ðŸ‡®ðŸ‡© vs JPN ðŸ‡¯ðŸ‡µ
 
 1-4
 
 
 
 WS3: Siti Sarah AZZAHRA vs Riko GUNJI
 
 
 
 12-21 22-24 LOST
 
 
 
 Tim Uber INA ðŸ‡®ðŸ‡© Finish sebagai RU Group A
 
 
 
 #TUC2022
 
 #ThomasUberCup2022
 
 #BhulukhudukTV https://t.co/w95PB1f5H1",NT
"TotalEnergies BWF Thomas and Uber Cup Finals 2022
 
 
 
 Group Phase A: 
 
 INA ðŸ‡®ðŸ‡© vs THA ðŸ‡¹ðŸ‡­
 
 4 - 1
 
 
 
 MS3: Shesar Hiren RHUSTAVITOvs Sitthikom THAMMASIN
 
 
 
 21-19 21-14 WIN
 
 
 
 Vito Lengkapi Kemenangan Tim INA
 
 
 
 #TUC2022
 
 #ThomasUberCup2022
 
 #BhulukhudukTV https://t.co/WUUJJ1Dr2z",NT
"TotalEnergies BWF Thomas and Uber Cup Finals 2022
 
 
 
 Quarter Final
 
 
 
 INA ðŸ‡®ðŸ‡© vs CHN ðŸ‡¨ðŸ‡³
 
 2 - 0
 
 
 
 MD1: Mohammad AHSAN/Kevin Sanjaya SUKAMULJO vs LIU Yu Chen/OU Xuanyi
 
 
 
 21-17 21-16 WIN
 
 
 
 Ahsan/Kevin Buat Tim INA Genapi Keunggulan
 
 
 
 #TUC2022
 
 #ThomasUberCup2022
 
 #BhulukhudukTV https://t.co/nfTKIpJi0W",NT
"Turnamen bulu tangkis BWF World Tour Super 500 Thailand Open resmi bergulir mulai hari ini, Selasa, 17 Mei 2022.
 
 
 
 Sejumlah pemain Indonesia akan ikut ambil bagian dalam kejuaraan Thailand Open 2022, beberapa di antaranya merupakan skuad Thomas dan Uber Cup 2022. https://t.co/fWSQO6LqoO",NT
"UPDATE Thomas Cup 2022, Klasemen Setelah Laga Indonesia vs Thailand, Tim Putra Lolos Perempat Final
 
  
 
 #badminton #bulutangkis #badmintonIndonesia #badmintonlovers #ThomasUberCup2022 #ThomasUberCup #TUC2022 #ThomasCup2022 #KeBas
 
 
 
 https://t.co/JnV5bmeGGg lewat",NT
"Uber China ngalahin Indonesia 3-0, Thomas Cup balas kekalahan dan menang 3-0! epic",P
"Uber cup boleh berdarah-darah, tapi tolong yaa besok thomas cup jan begitu, kasihanilah kami, kasihanilah jantung kami dan segenap jiwa raga ðŸ˜­ðŸ™",P
"Udh ngelupain sedihnya thomas cup, sekarang waktunya kangen minions https://t.co/5ooCVIOXlu",NT
"Untuk pertama kalinya Ginting berhasil menang melawan Momota saat pertandingan berjalan dg rubber game, dan terjadi di momen"" yg sangat penting untuk Indonesia di Thomas Cup. ðŸ‘ðŸ‘",P
"Usai Gagal di Ajang Thomas dan Uber Cup, Kini Incar Emas SEA Games 2022 https://t.co/oiQG1Dz6uB",P
"VIDEO: Thomas Cup, Malaysia Sikat Habis Inggris! https://t.co/Y0GjRcbu0Q",NT
"VITO MENANG!! INDONESIA LOLOS KE FINAL #ThomasCup2022 
 
 
 
 FINAL BERTURUT-TURUT!! #ThomasCup 
 
 2021: FINAL
 
 2022: FINAL
 
 
 
 THANKS
 
 GINTING
 
 AHSAN/KEVIN
 
 JOJO
 
 FAJRI
 
 VITO
 
 TIM THOMAS CUP INDONESIA!!
 
 FINAL: INDONESIA vs INDIA",NT
Viral Duet Kevin/Bagas Dijuluki Kebas di Thomas Cup https://t.co/UbQ0KWD34N,NT
"Vito Pahlawan, Indonesia ke Final Thomas Cup 2022 https://t.co/JMCrs5KwBZ",P
"We o Weâ€¦ Wow! Salut! Bilqis Prasista mengalahkan peringkat satu dunia Akane Yamaguchi dua set langsung 21-19 dan 21-19!
 
 
 
 Ayo Indonesia ðŸ‡®ðŸ‡© Kita pasti menang! Jangan lupa doakan dan dukung tim Indonesia di Thomas Cup &amp; Uber Cup ya guys!
 
 
 
  https://t.co/QfsO5kZo93",P
"Weh gue gatau kalo td malem fadil jaidi storiin dia lg nonton thomas cup dan bikin mantra ðŸ¥²ðŸ¥², konyol banget dah itu poin buat lawan dia bilang mantranya manjur ðŸ¥²ðŸ¥²",N
Wow India Thomas Cup ke final mein pehli baar pahunch gaya. ðŸ‘ðŸ»,NT
Ya Allah overthinking banget sama hasil thomas cup nanti.,N
"Ya Allah sekarang giliran final thomas cup, bisa gak sih hari ini dihapus langsung senin ajaðŸ¥º",N
Ya Allahhhhh thomas cup ngeri banget....,N
Ya Tuhan semoga tim Thomas Cup Indonesia menang. aminn ðŸ™ðŸ»,P
Yeay... Seniornya ASG sm Jojo mh gitu meuleu. Thomas Cup taun lalu pemain tunggal yg jd penentu.. Rese ihh lama-lama nih a kipo... https://t.co/qjNSDt0TiB,N
"Yuk reply dengan ucapan terimakasih ke tim Thomas Cup kita Kevin, Babah, Rian, Vito, Kojeng, Tegar dan coaches beserta officials! ðŸ¥º #ThankyouTimThomasCupINA",P
Zaiyi masih menimba pengalaman di Thomas Cup ðŸ˜‰ https://t.co/CNptea5vPp,NT
[ #BIRDJAPAN ; semifinal thomas uber cup 2022 recap ] https://t.co/AkkA0Ygjo0,NT
"[Thomas Cup] : Sore tadi nonton laga Denmark kontra Prancis, yang main di game ke 4, antara Rasmus Gemke vs Arnaud Merkle nonton nya bareng anak-anak.. sempet nyeletuk ke anak-anak.. -cont",NT
apa ga makin nangis setelah lost thomas cup malah ko hendra statement giniðŸ˜­ðŸ˜­ðŸ˜­ https://t.co/ZM6jfBxMef,N
"apa yang aku nak : Indonesia menang lagi Thomas Cup, but my instinct loudly mentioned India menang 
 
 
 
 it's 50-50 right now ðŸ˜‚ðŸ˜ª selalu apa nak akan jadi sebaliknya, apa pun All The Best Team Indonesia Thomas Cup ðŸ«¶ðŸ» I'm rooting for you #ThomasCup2022",P
arsenal iki mending fokus o thomas cup,N
besok Thomas Cup China MS 1 bakal capcipcup aka tumbal. MS 1 &amp; MS 2 the danes ðŸ”¥ðŸ”¥ðŸ”¥. China kalo mau nyolong di MS 3 justru dan 2 poin MD wajib menang ðŸ˜Œ,NT
bisa samaan gitu tim uber thomas cup ina ketemunya china ekwk,NT
"blf! MomoGi di World TourâŒ
 
 MomoGi di Thomas Cupâœ…
 
 
 
 Ternyata selama ini mereka maunya ketemu di team event, gamau di tour individuðŸ™‚ https://t.co/2G0EPDYcHu",NT
"blf! Ngikutin jejak ayah ibunya ðŸ¥º
 
 
 
 Bilqis kayaknya waktu kecil sering didongengin Thomas Uber Cup deh hehe. Perjalanan masih panjang, semangat terus Bilqis! https://t.co/Fv19gkGHFX",P
blf! the day final Thomas cup 2022. mutualan dlu yuu biar tl nya makin rame. like aja yaa. jangan lupa follback yaa,NT
"blom sembuh luka thomas cup, dah muncul luka baru sea gamesðŸ™‚ðŸ‘ðŸ» blf! https://t.co/8VFQlGHdyD",N
"boleh nggak ya nanti ijin pulang duluan, mau nonton final Thomas Cup anjrðŸ˜­ðŸ˜­",P
"btw ges banyak sejarah baru tahun ini mah dari batc runner up, terus thomas cup silver, hari ini seag bronze yaampun indahnya sejarah baruðŸ˜‡ðŸ™",P
comeback dari 0-2 menang 3-2 wehhhhh lawan team yang baru je main dekat thomas cup last week ðŸ˜­ðŸ˜­ðŸ˜­ðŸ˜­,P
"day 2 thomas uber cup belum selesai, tapi christo popov layak jadi man of the match hari iniiðŸ¥¹ðŸ«¶",P
"dear moots,
 
 sorry bgt yaa klo aku spam Thomas Cup mulu dr kmaren..
 
 gmana yaa namanya jg lg hecticðŸ˜Œntar malem jg spam timnas nih keknya ekwk
 
 boleh di-mute dulu kok..
 
 thx",NT
"di thomas cup, harapan kita MS1 MD1 MD2
 
 
 
 di sea games, harapan kita ternyata MS2 MD2 MS3",P
"dikabarkan anggota grup B, C, dan D thomas cup 2022 sudah tertidur pulas..
 
 
 
 grup A be lyke: bac00ddd",N
final thomas cup kapan?,NT
"final thomas cup nanti kalau BL IND ajak gaduh dgn BL INA, kena hadap BL MAS jugakðŸ¤£ðŸ¤£ðŸ¤£",N
fyp tiktokku isinya kemenangan thomas cup tahun lalu...nangis bgt pagi2. semoga kejadian itu terulang lagi hari ini. ada aamiin?ðŸ¥¹,P
gatau y ðŸ™ƒ kayak masih gk terima india juara thomas cup 2022 ini,N
"ginting dah prediksiin bakal 2-2 ye bundðŸ™ƒ
 
 
 
 btw syabda â€œjarang ada kesempatan untuk bertanding sekali bertanding di thomas cup mungkin keluarga besar yang nonton yang pastinya sangat senangâ€ ðŸ˜­ðŸ˜­ https://t.co/SVdSnlzkzD",NT
goodluck Indonesia! Semoga menang Thomas Cup ðŸ™ðŸ»ðŸ™ðŸ»ðŸ™ðŸ»ðŸ™ðŸ»ðŸ™ðŸ»ðŸ¤ðŸ¤ðŸ¤ðŸ¤ðŸ¤ðŸ‡®ðŸ‡©ðŸ‡®ðŸ‡©ðŸ‡®ðŸ‡©ðŸ‡®ðŸ‡©ðŸ‡®ðŸ‡©ðŸ‡®ðŸ‡©,P
gua ngerasa Thomas Cup tahun ini dramanya jauh lebih drama dari tahun lalu,P
"hahahaha final Thomas Cup 2020, tapi ya posisi Indonesia serba salah juga, semoga bisa menang lawan China.
 
 
 
 untungnya nggak ketemu India hahaha, MS 1 2 3 mereka serem, MD 1 juga nggak bisa ketebak. https://t.co/GqPtkCiw1E",P
"hari ini jadwal nonton banyak bgt
 
 MotoGP
 
 SeaGames Voli
 
 Thomas Cup
 
 
 
 ðŸ˜ƒðŸ™Œ",NT
indo di thomas dan uber cup ketemu china mulu dah -_-,N
"indonesia kalah di thomas cup karena ga ada ""ea ea eeeeeeaaaa!""",N
ini mah trending repackage drimis bakal kebanting terus sama thomas uber cup wkwk,N
kaget gw india masuk final thomas cup,NT
kalau fadil partner sama kevin di thomas cup pasti menang woyy,P
"kalau kalian liat ada orang yang diem, murung, lemas tak berdaya itu BL ina yang abis nonton thomas cup",N
"ketololan gw semalem pulang kerja cepet-cepet, cepet makan, cepet mandi niat mo nonton final thomas cup terus buka tv makjreng gw baru inget kemaren hari sabtuðŸ˜³ðŸ˜¢",N
mau beli buku yang thomas cup itu deh tapi gue masih ada pelunasan album bts ðŸ˜©,P
ms1 ms2 ms3 malaysia bismillah 2024 bisa juara thomas cup https://t.co/Koc5MxsrSC,P
"my mom said â€œkalau dah Allah kata tak menang, usaha macam mana pun tak menang jugakâ€ ðŸ¥² maybe tahun ni thomas cup bukan rezeki kita, insyaallah 2024 we get thomas cup and olympic gold medal, aminnnnnn ðŸ‡²ðŸ‡¾ðŸ’— #ThomasCup2022",P
"nah, gini dong ahsan setiawan deketan, kan enak liatnya
 
 
 
 tp mas vito u tiap thomas cup kenapa selalu di antara kokoh sama ahsan sih ðŸ˜­ https://t.co/DZqOlVhkDn",P
ni gw abis liat final thomas cup trs nonton arsenal begini?? yaallah,N
nunggu line up nya thomas cup...,NT
"prediksi line up Thomas Cup hari ini:
 
 ms1: ginting
 
 ms2: jojo
 
 ms3: masvit
 
 md1: fajri/kevin babah
 
 md2: fajri/bakri
 
 
 
 maunya semua ms turun utk coba lapangan n atmosphere kaya coach herry bilang utk md, tapi harus cukup berani kalo mau turunin sabda/tegar. 
 
 
 
 #TUC2022",NT
"prediksi line up thomas cup besok
 
 ms 1: jonatan 
 
 ms 2: vito 
 
 ms 3: syabda 
 
 md 1: fajri 
 
 md 2: babah/fikri",NT
santai sebelum tegang nonton final thomas cup ðŸ¥² https://t.co/pelDjkHSJ1,P
semalem udh bobo saking ngantuk nya alhamdulillah thomas cup ke finalðŸ˜­ðŸ˜­ðŸ˜­ðŸ˜­ðŸ˜­ðŸ˜­ðŸ˜¢ðŸ¤ŸðŸ¤ŸðŸ¤Ÿ,P
"semangat tim thomas cup buat finalnya hari ini, semoga semua match yg terjadi hari ini diberikan yg terbaik dan selesai tanpa cedera apapun yaaah. bismillah jd winner lagi but kalaupun memang rezekinya di runner up ya it's okðŸ¥¹ðŸ¥¹ðŸ¥¹ðŸ«¶ðŸ»ðŸ«¶ðŸ»ðŸ«¶ðŸ»ðŸ«¶ðŸ»",P
"semi final thomas cup 1979 : India vs Denmark, Indonesia vs Jepang dan finalnya Indonesia menang lawan Denmark.
 
 
 
 semoga kejadian itu terulang lg ðŸ¤²ðŸ”¥â¤ï¸ðŸ†ðŸ‡®ðŸ‡©
 
 #ThomasCup2022",P
"siapa yg udah deg-degan sama final thomas cup dari sekarang?
 
 
 
 saya bang â˜ðŸ»",P
so thomas cup harini pukul 3 kan? nicee tak clash dengan meeting,P
takut bgt hari ini final thomas cup UDAH KAYAK W YG BAKAL MAIN AJ pdhl cm nonton ðŸ˜­ðŸ˜­ðŸ˜­,NT
went to that ultraman acc and baca segala yang dia quote about badminton i am speechless dia tu bodoh ke bodoh ekkk..lemme bookmark siap siap that quote 2050 segala tu when malaysia won the thomas cup imma quote that tweet idga,N
"â€œBangga lah pasti bisa main thomas Cup. Karena saya jarang ada kesempatan untuk bertanding, sekali bertanding di thomas Cup.""
 
 
 
 YOU'VE DONE IT DAA, YOU'VE DONE WELL https://t.co/ZcRFj46VIa",P
"â€œMalaya berkabungâ€ karena mereka selalu juara Thomas Cup sejak awal mulanya. Ditambah, partisipasi pertama Indonesia ini juga tidak pernah dianggap dapat mencongkel dominasinya. Tim Indonesia bahkan hampir gagal pergi karena tiada biaya â€“ ditalangi dg hutang dan sumbangan publik.",N
âš ï¸ Kalau lu orang nak Malaysia team menang sama Japan team in Thomas cup esok malam cepat retweetâ€¦..Kalau Takâ€¦â€¦â€¦â€¦â€¦â€¦â€¦,NT
âœ¨Indonesia menang Thomas Cup dan Sea Gamesâœ¨ https://t.co/8Ni2n3MBs9,P
"ðŸ† India has beaten Indonesia 3-0 to win its maiden #ThomasCup title! 
 
 
 
 âœ… Lakshya Sen
 
 âœ… Satwik-Chirag
 
 âœ… Kidambi Srikanth
 
 
 
 Highlights ðŸ‘‰ https://t.co/ZXRV88NaXN
 
 
 
 #ThomasCup2022 | #TeamIndia https://t.co/oEb7D31vbd",NT
"ðŸ’™ tuan-tuan dan nyonya-nyonya. Inilah dia, Shesar Hiren Rhustavito. Jagoan Indonesia, penentu 3x kemenangan tim Indonesia di Thomas Cup 2022ðŸ˜Ž
 
 https://t.co/vDGviz9NbC",P
"ðŸ’­ kalian yg nnton thomas cup, nnton nya dimana?",NT
ðŸ”´ HASIL SEMIFINAL JAPAN 0-3 KOREA ~ THOMAS &amp; UBER CUP 2022 ~ TIM UBER JAPANÂ TERSINGKIR https://t.co/LPb0jJQgyx,NT